go: downloading github.com/agntcy/slim-bindings-go v1.2.0
╔═══════════════════════════════════════════════════════════╗
║              SLIM Bindings Setup                          ║
╚═══════════════════════════════════════════════════════════╝

Version:  v1.2.0
Platform: linux/amd64 (ABI: gnu)
Target:   x86_64-unknown-linux-gnu

📦 Downloading SLIM bindings library...
   Version:  v1.2.0
   Platform: x86_64-unknown-linux-gnu
   URL:      https://github.com/agntcy/slim/releases/download/slim-bindings-v1.2.0/slim-bindings-x86_64-unknown-linux-gnu.zip
   Extracted: libslim_bindings_x86_64_linux_gnu.a (176.8 MB)
✅ Library installed to: /home/runner/go/.cgo-cache/slim-bindings

✅ Setup complete! You can now build Go projects using SLIM bindings.
go: downloading go1.24.1 (linux/amd64)
go: downloading gonum.org/v1/gonum v0.16.0
go: downloading golang.org/x/net v0.43.0
go: downloading golang.org/x/sys v0.35.0
go: downloading golang.org/x/tools v0.36.0
go: downloading golang.org/x/text v0.28.0
go: downloading golang.org/x/sync v0.16.0
go: downloading golang.org/x/mod v0.27.0
=== RUN   TestCapacitySweepImproved
--- PASS: TestCapacitySweepImproved (0.00s)
=== RUN   TestCapacitySweepRegressed
--- PASS: TestCapacitySweepRegressed (0.00s)
=== RUN   TestMidpointRate
--- PASS: TestMidpointRate (0.00s)
=== RUN   TestCanonicalBenchmarkMode
=== RUN   TestCanonicalBenchmarkMode/request_reply
=== RUN   TestCanonicalBenchmarkMode/fire_and_forget_uppercase
=== RUN   TestCanonicalBenchmarkMode/write
=== RUN   TestCanonicalBenchmarkMode/unsupported
--- PASS: TestCanonicalBenchmarkMode (0.00s)
    --- PASS: TestCanonicalBenchmarkMode/request_reply (0.00s)
    --- PASS: TestCanonicalBenchmarkMode/fire_and_forget_uppercase (0.00s)
    --- PASS: TestCanonicalBenchmarkMode/write (0.00s)
    --- PASS: TestCanonicalBenchmarkMode/unsupported (0.00s)
=== RUN   TestModeRateValues
--- PASS: TestModeRateValues (0.00s)
=== RUN   TestBenchmarkModeMetadata
--- PASS: TestBenchmarkModeMetadata (0.00s)
=== RUN   TestComputeSampleStatsEmpty
--- PASS: TestComputeSampleStatsEmpty (0.00s)
=== RUN   TestComputeSampleStatsSingleValue
--- PASS: TestComputeSampleStatsSingleValue (0.00s)
=== RUN   TestComputeSampleStatsSampleVariance
--- PASS: TestComputeSampleStatsSampleVariance (0.00s)
=== RUN   TestTests
Running Suite: Tests Suite - /home/runner/work/csit/csit/benchmarks/agntcy-slim/tests
=====================================================================================
Random Seed: [1m1783079998[0m

Will run [1m1[0m of [1m8[0m specs
[38;5;14mS[0m[38;5;14mS[0m[38;5;14mS[0m[38;5;14mS[0m[38;5;14mS[0m[38;5;14mS[0m
BENCHMARK_RESULT mode=fire-and-forget clients=1 size=16384 rate=500 repeat=1 sender_mps=491.67 observed_mps=496.34 sink_mps=416.63 sink_active_mps=496.34 sender_errors=0 sink_errors=0 node_cpu=3.53 total_cpu=24.31

BENCHMARK_RESULT mode=fire-and-forget clients=1 size=16384 rate=500 repeat=2 sender_mps=491.91 observed_mps=496.51 sink_mps=416.65 sink_active_mps=496.51 sender_errors=0 sink_errors=0 node_cpu=3.73 total_cpu=24.89

BENCHMARK_RESULT mode=fire-and-forget clients=1 size=16384 rate=500 repeat=3 sender_mps=491.81 observed_mps=496.49 sink_mps=416.63 sink_active_mps=496.49 sender_errors=0 sink_errors=0 node_cpu=3.53 total_cpu=24.82

BENCHMARK_RESULT mode=fire-and-forget clients=1 size=16384 rate=500 repeat=4 sender_mps=491.86 observed_mps=496.52 sink_mps=416.65 sink_active_mps=496.52 sender_errors=0 sink_errors=0 node_cpu=3.73 total_cpu=24.73

BENCHMARK_RESULT mode=fire-and-forget clients=1 size=16384 rate=500 repeat=5 sender_mps=495.42 observed_mps=500.09 sink_mps=416.60 sink_active_mps=500.09 sender_errors=0 sink_errors=0 node_cpu=3.56 total_cpu=24.94

BENCHMARK_RESULT mode=fire-and-forget clients=1 size=16384 rate=500 repeat=6 sender_mps=491.48 observed_mps=496.13 sink_mps=416.65 sink_active_mps=496.13 sender_errors=0 sink_errors=0 node_cpu=3.34 total_cpu=24.72

BENCHMARK_RESULT mode=fire-and-forget clients=1 size=16384 rate=500 repeat=7 sender_mps=491.65 observed_mps=496.33 sink_mps=416.62 sink_active_mps=496.33 sender_errors=0 sink_errors=0 node_cpu=3.73 total_cpu=25.01

BENCHMARK_RESULT mode=fire-and-forget clients=1 size=16384 rate=500 repeat=8 sender_mps=491.89 observed_mps=496.52 sink_mps=416.65 sink_active_mps=496.52 sender_errors=0 sink_errors=0 node_cpu=3.53 total_cpu=24.67

BENCHMARK_RESULT mode=fire-and-forget clients=1 size=16384 rate=500 repeat=9 sender_mps=488.15 observed_mps=496.69 sink_mps=416.65 sink_active_mps=496.69 sender_errors=0 sink_errors=0 node_cpu=3.89 total_cpu=25.17

BENCHMARK_RESULT mode=fire-and-forget clients=1 size=16384 rate=500 repeat=10 sender_mps=488.12 observed_mps=496.59 sink_mps=416.61 sink_active_mps=496.59 sender_errors=0 sink_errors=0 node_cpu=3.51 total_cpu=24.32

BENCHMARK_RESULT mode=fire-and-forget clients=1 size=16384 rate=500 repeat=11 sender_mps=491.87 observed_mps=496.51 sink_mps=416.65 sink_active_mps=496.51 sender_errors=0 sink_errors=0 node_cpu=3.73 total_cpu=25.03

BENCHMARK_RESULT mode=fire-and-forget clients=1 size=16384 rate=500 repeat=12 sender_mps=491.88 observed_mps=496.50 sink_mps=416.61 sink_active_mps=496.50 sender_errors=0 sink_errors=0 node_cpu=3.53 total_cpu=24.65

BENCHMARK_RESULT mode=fire-and-forget clients=1 size=16384 rate=500 repeat=13 sender_mps=491.88 observed_mps=496.52 sink_mps=416.63 sink_active_mps=496.52 sender_errors=0 sink_errors=0 node_cpu=3.73 total_cpu=24.61

BENCHMARK_RESULT mode=fire-and-forget clients=1 size=16384 rate=500 repeat=14 sender_mps=491.89 observed_mps=496.53 sink_mps=416.59 sink_active_mps=496.53 sender_errors=0 sink_errors=0 node_cpu=3.73 total_cpu=25.34

BENCHMARK_RESULT mode=fire-and-forget clients=1 size=16384 rate=500 repeat=15 sender_mps=491.72 observed_mps=496.32 sink_mps=416.61 sink_active_mps=496.32 sender_errors=0 sink_errors=0 node_cpu=3.73 total_cpu=25.97

BENCHMARK_RESULT mode=fire-and-forget clients=1 size=16384 rate=500 repeat=16 sender_mps=495.41 observed_mps=500.13 sink_mps=416.59 sink_active_mps=500.13 sender_errors=0 sink_errors=0 node_cpu=3.96 total_cpu=26.54

BENCHMARK_RESULT mode=fire-and-forget clients=1 size=16384 rate=500 repeat=17 sender_mps=491.90 observed_mps=496.52 sink_mps=416.64 sink_active_mps=496.52 sender_errors=0 sink_errors=0 node_cpu=3.73 total_cpu=25.70

BENCHMARK_RESULT mode=fire-and-forget clients=1 size=16384 rate=500 repeat=18 sender_mps=491.90 observed_mps=496.49 sink_mps=416.60 sink_active_mps=496.49 sender_errors=0 sink_errors=0 node_cpu=3.92 total_cpu=25.68

BENCHMARK_RESULT mode=fire-and-forget clients=1 size=16384 rate=500 repeat=19 sender_mps=491.53 observed_mps=496.15 sink_mps=416.62 sink_active_mps=496.15 sender_errors=0 sink_errors=0 node_cpu=3.73 total_cpu=25.58

BENCHMARK_RESULT mode=fire-and-forget clients=1 size=16384 rate=500 repeat=20 sender_mps=491.36 observed_mps=496.05 sink_mps=416.63 sink_active_mps=496.05 sender_errors=0 sink_errors=0 node_cpu=3.92 total_cpu=26.59

BENCHMARK_RESULT mode=fire-and-forget clients=1 size=16384 rate=500 repeat=21 sender_mps=491.45 observed_mps=496.14 sink_mps=416.65 sink_active_mps=496.14 sender_errors=0 sink_errors=0 node_cpu=3.53 total_cpu=25.49

BENCHMARK_RESULT mode=fire-and-forget clients=1 size=16384 rate=500 repeat=22 sender_mps=491.69 observed_mps=496.31 sink_mps=416.60 sink_active_mps=496.31 sender_errors=0 sink_errors=0 node_cpu=4.12 total_cpu=25.83

BENCHMARK_RESULT mode=fire-and-forget clients=1 size=16384 rate=500 repeat=23 sender_mps=491.68 observed_mps=496.31 sink_mps=416.65 sink_active_mps=496.31 sender_errors=0 sink_errors=0 node_cpu=3.73 total_cpu=25.21

BENCHMARK_RESULT mode=fire-and-forget clients=1 size=16384 rate=500 repeat=24 sender_mps=488.01 observed_mps=496.52 sink_mps=416.65 sink_active_mps=496.52 sender_errors=0 sink_errors=0 node_cpu=3.70 total_cpu=24.86

BENCHMARK_RESULT mode=fire-and-forget clients=1 size=16384 rate=500 repeat=25 sender_mps=488.17 observed_mps=492.71 sink_mps=416.65 sink_active_mps=492.71 sender_errors=0 sink_errors=0 node_cpu=3.70 total_cpu=24.54

MODE_SUMMARY mode=fire-and-forget runs=25 cases=1 sender_mean_mps=491.45 observed_mean_mps=496.56 node_cpu=3.70 total_cpu=25.17 total_errors=0

BENCHMARK_RESULT mode=fire-and-forget clients=1 size=16384 rate=128000 repeat=1 sender_mps=6400.02 observed_mps=6509.22 sink_mps=5422.75 sink_active_mps=6509.22 sender_errors=0 sink_errors=0 node_cpu=44.10 total_cpu=250.14

BENCHMARK_RESULT mode=fire-and-forget clients=1 size=16384 rate=128000 repeat=2 sender_mps=5863.89 observed_mps=5916.55 sink_mps=4969.35 sink_active_mps=5916.55 sender_errors=0 sink_errors=0 node_cpu=38.85 total_cpu=227.29

BENCHMARK_RESULT mode=fire-and-forget clients=1 size=16384 rate=128000 repeat=3 sender_mps=6412.52 observed_mps=6470.01 sink_mps=5434.15 sink_active_mps=6470.01 sender_errors=0 sink_errors=0 node_cpu=44.29 total_cpu=250.80

BENCHMARK_RESULT mode=fire-and-forget clients=1 size=16384 rate=128000 repeat=4 sender_mps=6354.38 observed_mps=6462.40 sink_mps=5428.59 sink_active_mps=6462.40 sender_errors=0 sink_errors=0 node_cpu=44.11 total_cpu=248.47

BENCHMARK_RESULT mode=fire-and-forget clients=1 size=16384 rate=128000 repeat=5 sender_mps=6513.75 observed_mps=6572.58 sink_mps=5520.92 sink_active_mps=6572.58 sender_errors=0 sink_errors=0 node_cpu=44.70 total_cpu=252.15

BENCHMARK_RESULT mode=fire-and-forget clients=1 size=16384 rate=128000 repeat=6 sender_mps=6054.93 observed_mps=6109.34 sink_mps=5130.67 sink_active_mps=6109.34 sender_errors=0 sink_errors=0 node_cpu=40.58 total_cpu=234.85

BENCHMARK_RESULT mode=fire-and-forget clients=1 size=16384 rate=128000 repeat=7 sender_mps=6448.50 observed_mps=6506.12 sink_mps=5464.37 sink_active_mps=6506.12 sender_errors=0 sink_errors=0 node_cpu=44.51 total_cpu=251.02

BENCHMARK_RESULT mode=fire-and-forget clients=1 size=16384 rate=128000 repeat=8 sender_mps=6453.87 observed_mps=6513.10 sink_mps=5469.88 sink_active_mps=6513.10 sender_errors=0 sink_errors=0 node_cpu=44.33 total_cpu=251.12

BENCHMARK_RESULT mode=fire-and-forget clients=1 size=16384 rate=128000 repeat=9 sender_mps=6366.89 observed_mps=6475.91 sink_mps=5439.66 sink_active_mps=6475.91 sender_errors=0 sink_errors=0 node_cpu=43.94 total_cpu=249.94

BENCHMARK_RESULT mode=fire-and-forget clients=1 size=16384 rate=128000 repeat=10 sender_mps=6333.81 observed_mps=6391.20 sink_mps=5368.36 sink_active_mps=6391.20 sender_errors=0 sink_errors=0 node_cpu=43.30 total_cpu=246.14

BENCHMARK_RESULT mode=fire-and-forget clients=1 size=16384 rate=128000 repeat=11 sender_mps=6277.14 observed_mps=6333.60 sink_mps=5320.06 sink_active_mps=6333.60 sender_errors=0 sink_errors=0 node_cpu=42.90 total_cpu=244.45

BENCHMARK_RESULT mode=fire-and-forget clients=1 size=16384 rate=128000 repeat=12 sender_mps=6414.08 observed_mps=6471.72 sink_mps=5479.47 sink_active_mps=6471.72 sender_errors=0 sink_errors=0 node_cpu=44.35 total_cpu=248.73

BENCHMARK_RESULT mode=fire-and-forget clients=1 size=16384 rate=128000 repeat=13 sender_mps=6454.42 observed_mps=6512.01 sink_mps=5514.34 sink_active_mps=6512.01 sender_errors=0 sink_errors=0 node_cpu=44.15 total_cpu=250.15

BENCHMARK_RESULT mode=fire-and-forget clients=1 size=16384 rate=128000 repeat=14 sender_mps=6464.90 observed_mps=6523.95 sink_mps=5479.09 sink_active_mps=6523.95 sender_errors=0 sink_errors=0 node_cpu=44.68 total_cpu=252.24

BENCHMARK_RESULT mode=fire-and-forget clients=1 size=16384 rate=128000 repeat=15 sender_mps=6437.35 observed_mps=6494.73 sink_mps=5455.20 sink_active_mps=6494.73 sender_errors=0 sink_errors=0 node_cpu=44.49 total_cpu=251.37

BENCHMARK_RESULT mode=fire-and-forget clients=1 size=16384 rate=128000 repeat=16 sender_mps=6432.92 observed_mps=6490.80 sink_mps=5451.57 sink_active_mps=6490.80 sender_errors=0 sink_errors=0 node_cpu=44.31 total_cpu=250.97

BENCHMARK_RESULT mode=fire-and-forget clients=1 size=16384 rate=128000 repeat=17 sender_mps=6433.68 observed_mps=6491.91 sink_mps=5452.28 sink_active_mps=6491.91 sender_errors=0 sink_errors=0 node_cpu=44.12 total_cpu=250.22

BENCHMARK_RESULT mode=fire-and-forget clients=1 size=16384 rate=128000 repeat=18 sender_mps=6414.96 observed_mps=6472.55 sink_mps=5480.29 sink_active_mps=6472.55 sender_errors=0 sink_errors=0 node_cpu=43.96 total_cpu=248.65

BENCHMARK_RESULT mode=fire-and-forget clients=1 size=16384 rate=128000 repeat=19 sender_mps=6407.77 observed_mps=6465.06 sink_mps=5429.58 sink_active_mps=6465.06 sender_errors=0 sink_errors=0 node_cpu=44.28 total_cpu=250.67

BENCHMARK_RESULT mode=fire-and-forget clients=1 size=16384 rate=128000 repeat=20 sender_mps=6450.36 observed_mps=6507.72 sink_mps=5466.19 sink_active_mps=6507.72 sender_errors=0 sink_errors=0 node_cpu=44.12 total_cpu=250.84

BENCHMARK_RESULT mode=fire-and-forget clients=1 size=16384 rate=128000 repeat=21 sender_mps=6393.21 observed_mps=6502.20 sink_mps=5460.88 sink_active_mps=6502.20 sender_errors=0 sink_errors=0 node_cpu=44.14 total_cpu=248.99

BENCHMARK_RESULT mode=fire-and-forget clients=1 size=16384 rate=128000 repeat=22 sender_mps=6472.98 observed_mps=6531.23 sink_mps=5485.04 sink_active_mps=6531.23 sender_errors=0 sink_errors=0 node_cpu=44.31 total_cpu=250.54

BENCHMARK_RESULT mode=fire-and-forget clients=1 size=16384 rate=128000 repeat=23 sender_mps=6433.07 observed_mps=6490.68 sink_mps=5452.10 sink_active_mps=6490.68 sender_errors=0 sink_errors=0 node_cpu=44.30 total_cpu=250.06

BENCHMARK_RESULT mode=fire-and-forget clients=1 size=16384 rate=128000 repeat=24 sender_mps=6422.71 observed_mps=6481.03 sink_mps=5443.57 sink_active_mps=6481.03 sender_errors=0 sink_errors=0 node_cpu=43.89 total_cpu=249.58

BENCHMARK_RESULT mode=fire-and-forget clients=1 size=16384 rate=128000 repeat=25 sender_mps=6313.41 observed_mps=6471.15 sink_mps=5435.06 sink_active_mps=6471.15 sender_errors=0 sink_errors=0 node_cpu=43.40 total_cpu=245.71

CAPACITY_SWEEP_STEP mode=fire-and-forget clients=1 size=16384 phase=coarse step=1 rate=128000 repeats=25 sender_mean_mps=6377.02 observed_mean_mps=6446.67 observed_gain_percent=0.00 node_cpu=43.76 total_cpu=248.20 total_errors=0 improved=true

BENCHMARK_RESULT mode=fire-and-forget clients=1 size=16384 rate=144000 repeat=1 sender_mps=6428.50 observed_mps=6486.40 sink_mps=5448.58 sink_active_mps=6486.40 sender_errors=0 sink_errors=0 node_cpu=44.13 total_cpu=249.46

BENCHMARK_RESULT mode=fire-and-forget clients=1 size=16384 rate=144000 repeat=2 sender_mps=6456.04 observed_mps=6513.80 sink_mps=5470.89 sink_active_mps=6513.80 sender_errors=0 sink_errors=0 node_cpu=44.51 total_cpu=251.06

BENCHMARK_RESULT mode=fire-and-forget clients=1 size=16384 rate=144000 repeat=3 sender_mps=6446.19 observed_mps=6504.11 sink_mps=5462.41 sink_active_mps=6504.11 sender_errors=0 sink_errors=0 node_cpu=44.29 total_cpu=251.06

BENCHMARK_RESULT mode=fire-and-forget clients=1 size=16384 rate=144000 repeat=4 sender_mps=6351.60 observed_mps=6408.82 sink_mps=5383.29 sink_active_mps=6408.82 sender_errors=0 sink_errors=0 node_cpu=43.71 total_cpu=248.51

BENCHMARK_RESULT mode=fire-and-forget clients=1 size=16384 rate=144000 repeat=5 sender_mps=6320.15 observed_mps=6427.73 sink_mps=5398.43 sink_active_mps=6427.73 sender_errors=0 sink_errors=0 node_cpu=43.55 total_cpu=247.65

BENCHMARK_RESULT mode=fire-and-forget clients=1 size=16384 rate=144000 repeat=6 sender_mps=6498.49 observed_mps=6557.07 sink_mps=5507.91 sink_active_mps=6557.07 sender_errors=0 sink_errors=0 node_cpu=44.51 total_cpu=250.72

BENCHMARK_RESULT mode=fire-and-forget clients=1 size=16384 rate=144000 repeat=7 sender_mps=6405.98 observed_mps=6462.92 sink_mps=5428.22 sink_active_mps=6462.92 sender_errors=0 sink_errors=0 node_cpu=44.28 total_cpu=249.90

BENCHMARK_RESULT mode=fire-and-forget clients=1 size=16384 rate=144000 repeat=8 sender_mps=6415.72 observed_mps=6473.92 sink_mps=5437.82 sink_active_mps=6473.92 sender_errors=0 sink_errors=0 node_cpu=44.10 total_cpu=249.84

BENCHMARK_RESULT mode=fire-and-forget clients=1 size=16384 rate=144000 repeat=9 sender_mps=6435.52 observed_mps=6493.64 sink_mps=5454.01 sink_active_mps=6493.64 sender_errors=0 sink_errors=0 node_cpu=44.48 total_cpu=250.04

BENCHMARK_RESULT mode=fire-and-forget clients=1 size=16384 rate=144000 repeat=10 sender_mps=6417.85 observed_mps=6528.34 sink_mps=5482.91 sink_active_mps=6528.34 sender_errors=0 sink_errors=0 node_cpu=43.95 total_cpu=248.23

BENCHMARK_RESULT mode=fire-and-forget clients=1 size=16384 rate=144000 repeat=11 sender_mps=6485.37 observed_mps=6544.00 sink_mps=5496.91 sink_active_mps=6544.00 sender_errors=0 sink_errors=0 node_cpu=44.31 total_cpu=251.13

BENCHMARK_RESULT mode=fire-and-forget clients=1 size=16384 rate=144000 repeat=12 sender_mps=6415.45 observed_mps=6473.01 sink_mps=5435.95 sink_active_mps=6473.01 sender_errors=0 sink_errors=0 node_cpu=44.11 total_cpu=250.28

BENCHMARK_RESULT mode=fire-and-forget clients=1 size=16384 rate=144000 repeat=13 sender_mps=6449.29 observed_mps=6507.75 sink_mps=5465.81 sink_active_mps=6507.75 sender_errors=0 sink_errors=0 node_cpu=44.50 total_cpu=251.32

BENCHMARK_RESULT mode=fire-and-forget clients=1 size=16384 rate=144000 repeat=14 sender_mps=6446.85 observed_mps=6504.54 sink_mps=5463.21 sink_active_mps=6504.54 sender_errors=0 sink_errors=0 node_cpu=44.32 total_cpu=250.52

BENCHMARK_RESULT mode=fire-and-forget clients=1 size=16384 rate=144000 repeat=15 sender_mps=6462.66 observed_mps=6520.66 sink_mps=5477.88 sink_active_mps=6520.66 sender_errors=0 sink_errors=0 node_cpu=44.45 total_cpu=250.94

BENCHMARK_RESULT mode=fire-and-forget clients=1 size=16384 rate=144000 repeat=16 sender_mps=6437.91 observed_mps=6495.68 sink_mps=5455.24 sink_active_mps=6495.68 sender_errors=0 sink_errors=0 node_cpu=44.50 total_cpu=251.57

BENCHMARK_RESULT mode=fire-and-forget clients=1 size=16384 rate=144000 repeat=17 sender_mps=6472.91 observed_mps=6530.47 sink_mps=5485.35 sink_active_mps=6530.47 sender_errors=0 sink_errors=0 node_cpu=44.52 total_cpu=251.87

BENCHMARK_RESULT mode=fire-and-forget clients=1 size=16384 rate=144000 repeat=18 sender_mps=6491.32 observed_mps=6550.07 sink_mps=5502.02 sink_active_mps=6550.07 sender_errors=0 sink_errors=0 node_cpu=45.11 total_cpu=252.86

BENCHMARK_RESULT mode=fire-and-forget clients=1 size=16384 rate=144000 repeat=19 sender_mps=6460.78 observed_mps=6518.41 sink_mps=5475.60 sink_active_mps=6518.41 sender_errors=0 sink_errors=0 node_cpu=44.52 total_cpu=251.95

BENCHMARK_RESULT mode=fire-and-forget clients=1 size=16384 rate=144000 repeat=20 sender_mps=6431.88 observed_mps=6489.25 sink_mps=5450.18 sink_active_mps=6489.25 sender_errors=0 sink_errors=0 node_cpu=44.68 total_cpu=251.82

BENCHMARK_RESULT mode=fire-and-forget clients=1 size=16384 rate=144000 repeat=21 sender_mps=6465.55 observed_mps=6523.71 sink_mps=5479.62 sink_active_mps=6523.71 sender_errors=0 sink_errors=0 node_cpu=44.51 total_cpu=252.01

BENCHMARK_RESULT mode=fire-and-forget clients=1 size=16384 rate=144000 repeat=22 sender_mps=6480.56 observed_mps=6539.03 sink_mps=5491.78 sink_active_mps=6539.03 sender_errors=0 sink_errors=0 node_cpu=44.84 total_cpu=252.14

BENCHMARK_RESULT mode=fire-and-forget clients=1 size=16384 rate=144000 repeat=23 sender_mps=6434.09 observed_mps=6491.68 sink_mps=5453.18 sink_active_mps=6491.68 sender_errors=0 sink_errors=0 node_cpu=44.50 total_cpu=251.66

BENCHMARK_RESULT mode=fire-and-forget clients=1 size=16384 rate=144000 repeat=24 sender_mps=6427.46 observed_mps=6484.54 sink_mps=5446.64 sink_active_mps=6484.54 sender_errors=0 sink_errors=0 node_cpu=44.70 total_cpu=252.05

BENCHMARK_RESULT mode=fire-and-forget clients=1 size=16384 rate=144000 repeat=25 sender_mps=6395.13 observed_mps=6451.61 sink_mps=5463.05 sink_active_mps=6451.61 sender_errors=0 sink_errors=0 node_cpu=43.95 total_cpu=249.10

CAPACITY_SWEEP_STEP mode=fire-and-forget clients=1 size=16384 phase=coarse step=2 rate=144000 repeats=25 sender_mean_mps=6437.33 observed_mean_mps=6499.25 observed_gain_percent=0.82 node_cpu=44.36 total_cpu=250.71 total_errors=0 improved=false

BENCHMARK_RESULT mode=fire-and-forget clients=1 size=16384 rate=162000 repeat=1 sender_mps=6456.76 observed_mps=6515.51 sink_mps=5472.20 sink_active_mps=6515.51 sender_errors=0 sink_errors=0 node_cpu=44.30 total_cpu=251.32

BENCHMARK_RESULT mode=fire-and-forget clients=1 size=16384 rate=162000 repeat=2 sender_mps=6524.33 observed_mps=6582.52 sink_mps=5528.79 sink_active_mps=6582.52 sender_errors=0 sink_errors=0 node_cpu=44.91 total_cpu=252.88

BENCHMARK_RESULT mode=fire-and-forget clients=1 size=16384 rate=162000 repeat=3 sender_mps=6448.73 observed_mps=6507.15 sink_mps=5465.38 sink_active_mps=6507.15 sender_errors=0 sink_errors=0 node_cpu=44.72 total_cpu=251.73

BENCHMARK_RESULT mode=fire-and-forget clients=1 size=16384 rate=162000 repeat=4 sender_mps=6519.55 observed_mps=6577.47 sink_mps=5524.55 sink_active_mps=6577.47 sender_errors=0 sink_errors=0 node_cpu=44.73 total_cpu=252.04

BENCHMARK_RESULT mode=fire-and-forget clients=1 size=16384 rate=162000 repeat=5 sender_mps=6498.95 observed_mps=6609.75 sink_mps=5506.88 sink_active_mps=6609.75 sender_errors=0 sink_errors=0 node_cpu=45.13 total_cpu=251.42

BENCHMARK_RESULT mode=fire-and-forget clients=1 size=16384 rate=162000 repeat=6 sender_mps=6495.31 observed_mps=6607.02 sink_mps=5505.08 sink_active_mps=6607.02 sender_errors=0 sink_errors=0 node_cpu=44.73 total_cpu=252.10

BENCHMARK_RESULT mode=fire-and-forget clients=1 size=16384 rate=162000 repeat=7 sender_mps=6540.63 observed_mps=6652.55 sink_mps=5543.11 sink_active_mps=6652.55 sender_errors=0 sink_errors=0 node_cpu=45.08 total_cpu=252.90

BENCHMARK_RESULT mode=fire-and-forget clients=1 size=16384 rate=162000 repeat=8 sender_mps=6125.01 observed_mps=6179.98 sink_mps=5190.67 sink_active_mps=6179.98 sender_errors=0 sink_errors=0 node_cpu=42.17 total_cpu=244.94

BENCHMARK_RESULT mode=fire-and-forget clients=1 size=16384 rate=162000 repeat=9 sender_mps=6512.06 observed_mps=6570.60 sink_mps=5518.86 sink_active_mps=6570.60 sender_errors=0 sink_errors=0 node_cpu=44.91 total_cpu=252.22

BENCHMARK_RESULT mode=fire-and-forget clients=1 size=16384 rate=162000 repeat=10 sender_mps=6449.21 observed_mps=6506.50 sink_mps=5509.54 sink_active_mps=6506.50 sender_errors=0 sink_errors=0 node_cpu=44.36 total_cpu=250.28

BENCHMARK_RESULT mode=fire-and-forget clients=1 size=16384 rate=162000 repeat=11 sender_mps=6459.82 observed_mps=6569.88 sink_mps=5474.41 sink_active_mps=6569.88 sender_errors=0 sink_errors=0 node_cpu=44.30 total_cpu=249.38

BENCHMARK_RESULT mode=fire-and-forget clients=1 size=16384 rate=162000 repeat=12 sender_mps=6534.48 observed_mps=6593.62 sink_mps=5537.81 sink_active_mps=6593.62 sender_errors=0 sink_errors=0 node_cpu=44.93 total_cpu=252.37

BENCHMARK_RESULT mode=fire-and-forget clients=1 size=16384 rate=162000 repeat=13 sender_mps=6517.75 observed_mps=6576.75 sink_mps=5524.44 sink_active_mps=6576.75 sender_errors=0 sink_errors=0 node_cpu=44.72 total_cpu=251.83

BENCHMARK_RESULT mode=fire-and-forget clients=1 size=16384 rate=162000 repeat=14 sender_mps=6452.86 observed_mps=6510.08 sink_mps=5511.90 sink_active_mps=6510.08 sender_errors=0 sink_errors=0 node_cpu=44.54 total_cpu=249.85

BENCHMARK_RESULT mode=fire-and-forget clients=1 size=16384 rate=162000 repeat=15 sender_mps=6455.95 observed_mps=6514.05 sink_mps=5471.29 sink_active_mps=6514.05 sender_errors=0 sink_errors=0 node_cpu=44.70 total_cpu=252.24

BENCHMARK_RESULT mode=fire-and-forget clients=1 size=16384 rate=162000 repeat=16 sender_mps=6488.29 observed_mps=6547.31 sink_mps=5498.86 sink_active_mps=6547.31 sender_errors=0 sink_errors=0 node_cpu=44.89 total_cpu=252.19

BENCHMARK_RESULT mode=fire-and-forget clients=1 size=16384 rate=162000 repeat=17 sender_mps=6512.37 observed_mps=6570.97 sink_mps=5518.88 sink_active_mps=6570.97 sender_errors=0 sink_errors=0 node_cpu=44.90 total_cpu=252.19

BENCHMARK_RESULT mode=fire-and-forget clients=1 size=16384 rate=162000 repeat=18 sender_mps=6475.36 observed_mps=6586.00 sink_mps=5487.89 sink_active_mps=6586.00 sender_errors=0 sink_errors=0 node_cpu=44.74 total_cpu=252.00

BENCHMARK_RESULT mode=fire-and-forget clients=1 size=16384 rate=162000 repeat=19 sender_mps=6486.79 observed_mps=6545.27 sink_mps=5497.42 sink_active_mps=6545.27 sender_errors=0 sink_errors=0 node_cpu=44.74 total_cpu=252.38

BENCHMARK_RESULT mode=fire-and-forget clients=1 size=16384 rate=162000 repeat=20 sender_mps=6514.92 observed_mps=6574.21 sink_mps=5521.29 sink_active_mps=6574.21 sender_errors=0 sink_errors=0 node_cpu=45.11 total_cpu=253.03

BENCHMARK_RESULT mode=fire-and-forget clients=1 size=16384 rate=162000 repeat=21 sender_mps=6461.22 observed_mps=6519.59 sink_mps=5475.36 sink_active_mps=6519.59 sender_errors=0 sink_errors=0 node_cpu=44.27 total_cpu=251.05

BENCHMARK_RESULT mode=fire-and-forget clients=1 size=16384 rate=162000 repeat=22 sender_mps=6330.05 observed_mps=6437.59 sink_mps=5407.80 sink_active_mps=6437.59 sender_errors=0 sink_errors=0 node_cpu=44.12 total_cpu=249.02

BENCHMARK_RESULT mode=fire-and-forget clients=1 size=16384 rate=162000 repeat=23 sender_mps=6331.80 observed_mps=6388.69 sink_mps=5365.87 sink_active_mps=6388.69 sender_errors=0 sink_errors=0 node_cpu=44.33 total_cpu=252.38

BENCHMARK_RESULT mode=fire-and-forget clients=1 size=16384 rate=162000 repeat=24 sender_mps=6342.01 observed_mps=6399.53 sink_mps=5374.52 sink_active_mps=6399.53 sender_errors=0 sink_errors=0 node_cpu=44.25 total_cpu=251.09

BENCHMARK_RESULT mode=fire-and-forget clients=1 size=16384 rate=162000 repeat=25 sender_mps=6371.64 observed_mps=6429.62 sink_mps=5400.62 sink_active_mps=6429.62 sender_errors=0 sink_errors=0 node_cpu=44.45 total_cpu=250.57

CAPACITY_SWEEP_STEP mode=fire-and-forget clients=1 size=16384 phase=coarse step=3 rate=162000 repeats=25 sender_mean_mps=6452.23 observed_mean_mps=6522.89 observed_gain_percent=1.18 node_cpu=44.56 total_cpu=251.34 total_errors=0 improved=false

BENCHMARK_RESULT mode=fire-and-forget clients=1 size=16384 rate=145000 repeat=1 sender_mps=6398.93 observed_mps=6457.30 sink_mps=5423.33 sink_active_mps=6457.30 sender_errors=0 sink_errors=0 node_cpu=44.26 total_cpu=250.06

BENCHMARK_RESULT mode=fire-and-forget clients=1 size=16384 rate=145000 repeat=2 sender_mps=6342.56 observed_mps=6400.13 sink_mps=5375.73 sink_active_mps=6400.13 sender_errors=0 sink_errors=0 node_cpu=43.71 total_cpu=247.70

BENCHMARK_RESULT mode=fire-and-forget clients=1 size=16384 rate=145000 repeat=3 sender_mps=6396.56 observed_mps=6454.16 sink_mps=5420.99 sink_active_mps=6454.16 sender_errors=0 sink_errors=0 node_cpu=44.49 total_cpu=251.28

BENCHMARK_RESULT mode=fire-and-forget clients=1 size=16384 rate=145000 repeat=4 sender_mps=6477.72 observed_mps=6535.65 sink_mps=5488.81 sink_active_mps=6535.65 sender_errors=0 sink_errors=0 node_cpu=44.47 total_cpu=251.12

BENCHMARK_RESULT mode=fire-and-forget clients=1 size=16384 rate=145000 repeat=5 sender_mps=6490.13 observed_mps=6601.46 sink_mps=5500.25 sink_active_mps=6601.46 sender_errors=0 sink_errors=0 node_cpu=44.50 total_cpu=251.47

BENCHMARK_RESULT mode=fire-and-forget clients=1 size=16384 rate=145000 repeat=6 sender_mps=6497.67 observed_mps=6555.37 sink_mps=5506.31 sink_active_mps=6555.37 sender_errors=0 sink_errors=0 node_cpu=44.71 total_cpu=252.19

BENCHMARK_RESULT mode=fire-and-forget clients=1 size=16384 rate=145000 repeat=7 sender_mps=6506.84 observed_mps=6565.62 sink_mps=5514.82 sink_active_mps=6565.62 sender_errors=0 sink_errors=0 node_cpu=44.52 total_cpu=251.59

BENCHMARK_RESULT mode=fire-and-forget clients=1 size=16384 rate=145000 repeat=8 sender_mps=6507.10 observed_mps=6565.03 sink_mps=5514.04 sink_active_mps=6565.03 sender_errors=0 sink_errors=0 node_cpu=44.88 total_cpu=252.14

BENCHMARK_RESULT mode=fire-and-forget clients=1 size=16384 rate=145000 repeat=9 sender_mps=6022.19 observed_mps=6076.43 sink_mps=5103.02 sink_active_mps=6076.43 sender_errors=0 sink_errors=0 node_cpu=41.20 total_cpu=243.83

BENCHMARK_RESULT mode=fire-and-forget clients=1 size=16384 rate=145000 repeat=10 sender_mps=6484.83 observed_mps=6543.84 sink_mps=5495.96 sink_active_mps=6543.84 sender_errors=0 sink_errors=0 node_cpu=44.90 total_cpu=252.15

BENCHMARK_RESULT mode=fire-and-forget clients=1 size=16384 rate=145000 repeat=11 sender_mps=6533.28 observed_mps=6591.50 sink_mps=5536.20 sink_active_mps=6591.50 sender_errors=0 sink_errors=0 node_cpu=44.92 total_cpu=252.35

BENCHMARK_RESULT mode=fire-and-forget clients=1 size=16384 rate=145000 repeat=12 sender_mps=6524.98 observed_mps=6583.70 sink_mps=5529.72 sink_active_mps=6583.70 sender_errors=0 sink_errors=0 node_cpu=45.11 total_cpu=252.28

BENCHMARK_RESULT mode=fire-and-forget clients=1 size=16384 rate=145000 repeat=13 sender_mps=6462.95 observed_mps=6521.09 sink_mps=5476.62 sink_active_mps=6521.09 sender_errors=0 sink_errors=0 node_cpu=44.72 total_cpu=251.20

BENCHMARK_RESULT mode=fire-and-forget clients=1 size=16384 rate=145000 repeat=14 sender_mps=6499.40 observed_mps=6557.72 sink_mps=5508.32 sink_active_mps=6557.72 sender_errors=0 sink_errors=0 node_cpu=44.72 total_cpu=251.66

BENCHMARK_RESULT mode=fire-and-forget clients=1 size=16384 rate=145000 repeat=15 sender_mps=6475.62 observed_mps=6534.23 sink_mps=5488.07 sink_active_mps=6534.23 sender_errors=0 sink_errors=0 node_cpu=44.93 total_cpu=251.12

BENCHMARK_RESULT mode=fire-and-forget clients=1 size=16384 rate=145000 repeat=16 sender_mps=6537.68 observed_mps=6596.59 sink_mps=5541.26 sink_active_mps=6596.59 sender_errors=0 sink_errors=0 node_cpu=44.90 total_cpu=251.84

BENCHMARK_RESULT mode=fire-and-forget clients=1 size=16384 rate=145000 repeat=17 sender_mps=6450.38 observed_mps=6561.14 sink_mps=5511.14 sink_active_mps=6561.14 sender_errors=0 sink_errors=0 node_cpu=44.49 total_cpu=249.63

BENCHMARK_RESULT mode=fire-and-forget clients=1 size=16384 rate=145000 repeat=18 sender_mps=6471.39 observed_mps=6529.30 sink_mps=5484.03 sink_active_mps=6529.30 sender_errors=0 sink_errors=0 node_cpu=44.71 total_cpu=251.12

BENCHMARK_RESULT mode=fire-and-forget clients=1 size=16384 rate=145000 repeat=19 sender_mps=6543.06 observed_mps=6601.92 sink_mps=5545.02 sink_active_mps=6601.92 sender_errors=0 sink_errors=0 node_cpu=44.73 total_cpu=252.80

BENCHMARK_RESULT mode=fire-and-forget clients=1 size=16384 rate=145000 repeat=20 sender_mps=6511.59 observed_mps=6569.82 sink_mps=5517.72 sink_active_mps=6569.82 sender_errors=0 sink_errors=0 node_cpu=45.10 total_cpu=252.61

BENCHMARK_RESULT mode=fire-and-forget clients=1 size=16384 rate=145000 repeat=21 sender_mps=6536.15 observed_mps=6594.32 sink_mps=5539.25 sink_active_mps=6594.32 sender_errors=0 sink_errors=0 node_cpu=44.91 total_cpu=252.79

BENCHMARK_RESULT mode=fire-and-forget clients=1 size=16384 rate=145000 repeat=22 sender_mps=6515.81 observed_mps=6573.75 sink_mps=5521.96 sink_active_mps=6573.75 sender_errors=0 sink_errors=0 node_cpu=44.85 total_cpu=252.16

BENCHMARK_RESULT mode=fire-and-forget clients=1 size=16384 rate=145000 repeat=23 sender_mps=6497.67 observed_mps=6555.83 sink_mps=5506.63 sink_active_mps=6555.83 sender_errors=0 sink_errors=0 node_cpu=44.54 total_cpu=251.49

BENCHMARK_RESULT mode=fire-and-forget clients=1 size=16384 rate=145000 repeat=24 sender_mps=6512.78 observed_mps=6571.33 sink_mps=5519.81 sink_active_mps=6571.33 sender_errors=0 sink_errors=0 node_cpu=44.91 total_cpu=251.75

BENCHMARK_RESULT mode=fire-and-forget clients=1 size=16384 rate=145000 repeat=25 sender_mps=6524.74 observed_mps=6583.74 sink_mps=5529.53 sink_active_mps=6583.74 sender_errors=0 sink_errors=0 node_cpu=44.87 total_cpu=252.48

CAPACITY_SWEEP_STEP mode=fire-and-forget clients=1 size=16384 phase=refine step=4 rate=145000 repeats=25 sender_mean_mps=6468.88 observed_mean_mps=6531.24 observed_gain_percent=1.31 node_cpu=44.56 total_cpu=251.23 total_errors=0 improved=false

BENCHMARK_RESULT mode=fire-and-forget clients=1 size=16384 rate=136500 repeat=1 sender_mps=6598.00 observed_mps=6656.81 sink_mps=5546.38 sink_active_mps=6656.81 sender_errors=0 sink_errors=0 node_cpu=45.46 total_cpu=254.04

BENCHMARK_RESULT mode=fire-and-forget clients=1 size=16384 rate=136500 repeat=2 sender_mps=6513.59 observed_mps=6572.10 sink_mps=5520.13 sink_active_mps=6572.10 sender_errors=0 sink_errors=0 node_cpu=44.73 total_cpu=251.46

BENCHMARK_RESULT mode=fire-and-forget clients=1 size=16384 rate=136500 repeat=3 sender_mps=6525.93 observed_mps=6584.79 sink_mps=5530.36 sink_active_mps=6584.79 sender_errors=0 sink_errors=0 node_cpu=45.28 total_cpu=252.86

BENCHMARK_RESULT mode=fire-and-forget clients=1 size=16384 rate=136500 repeat=4 sender_mps=6544.20 observed_mps=6603.04 sink_mps=5546.25 sink_active_mps=6603.04 sender_errors=0 sink_errors=0 node_cpu=44.89 total_cpu=252.67

BENCHMARK_RESULT mode=fire-and-forget clients=1 size=16384 rate=136500 repeat=5 sender_mps=6570.79 observed_mps=6630.36 sink_mps=5569.15 sink_active_mps=6630.36 sender_errors=0 sink_errors=0 node_cpu=45.12 total_cpu=253.30

BENCHMARK_RESULT mode=fire-and-forget clients=1 size=16384 rate=136500 repeat=6 sender_mps=6523.30 observed_mps=6581.81 sink_mps=5527.55 sink_active_mps=6581.81 sender_errors=0 sink_errors=0 node_cpu=44.91 total_cpu=252.55

BENCHMARK_RESULT mode=fire-and-forget clients=1 size=16384 rate=136500 repeat=7 sender_mps=6463.04 observed_mps=6572.74 sink_mps=5521.01 sink_active_mps=6572.74 sender_errors=0 sink_errors=0 node_cpu=44.14 total_cpu=249.65

BENCHMARK_RESULT mode=fire-and-forget clients=1 size=16384 rate=136500 repeat=8 sender_mps=6539.12 observed_mps=6597.55 sink_mps=5541.46 sink_active_mps=6597.55 sender_errors=0 sink_errors=0 node_cpu=44.85 total_cpu=252.35

BENCHMARK_RESULT mode=fire-and-forget clients=1 size=16384 rate=136500 repeat=9 sender_mps=6504.56 observed_mps=6563.64 sink_mps=5512.57 sink_active_mps=6563.64 sender_errors=0 sink_errors=0 node_cpu=44.92 total_cpu=251.97

BENCHMARK_RESULT mode=fire-and-forget clients=1 size=16384 rate=136500 repeat=10 sender_mps=6510.65 observed_mps=6569.90 sink_mps=5518.52 sink_active_mps=6569.90 sender_errors=0 sink_errors=0 node_cpu=44.84 total_cpu=252.05

BENCHMARK_RESULT mode=fire-and-forget clients=1 size=16384 rate=136500 repeat=11 sender_mps=6519.06 observed_mps=6578.14 sink_mps=5525.15 sink_active_mps=6578.14 sender_errors=0 sink_errors=0 node_cpu=44.84 total_cpu=251.69

BENCHMARK_RESULT mode=fire-and-forget clients=1 size=16384 rate=136500 repeat=12 sender_mps=6528.51 observed_mps=6586.89 sink_mps=5532.77 sink_active_mps=6586.89 sender_errors=0 sink_errors=0 node_cpu=44.93 total_cpu=252.08

BENCHMARK_RESULT mode=fire-and-forget clients=1 size=16384 rate=136500 repeat=13 sender_mps=6474.50 observed_mps=6532.85 sink_mps=5486.85 sink_active_mps=6532.85 sender_errors=0 sink_errors=0 node_cpu=44.32 total_cpu=251.04

BENCHMARK_RESULT mode=fire-and-forget clients=1 size=16384 rate=136500 repeat=14 sender_mps=6468.82 observed_mps=6578.68 sink_mps=5525.78 sink_active_mps=6578.68 sender_errors=0 sink_errors=0 node_cpu=44.76 total_cpu=250.51

BENCHMARK_RESULT mode=fire-and-forget clients=1 size=16384 rate=136500 repeat=15 sender_mps=6555.30 observed_mps=6614.39 sink_mps=5555.46 sink_active_mps=6614.39 sender_errors=0 sink_errors=0 node_cpu=44.89 total_cpu=252.84

BENCHMARK_RESULT mode=fire-and-forget clients=1 size=16384 rate=136500 repeat=16 sender_mps=6420.50 observed_mps=6529.60 sink_mps=5484.77 sink_active_mps=6529.60 sender_errors=0 sink_errors=0 node_cpu=44.18 total_cpu=248.46

BENCHMARK_RESULT mode=fire-and-forget clients=1 size=16384 rate=136500 repeat=17 sender_mps=6475.54 observed_mps=6585.66 sink_mps=5531.69 sink_active_mps=6585.66 sender_errors=0 sink_errors=0 node_cpu=44.35 total_cpu=249.29

BENCHMARK_RESULT mode=fire-and-forget clients=1 size=16384 rate=136500 repeat=18 sender_mps=6504.84 observed_mps=6563.33 sink_mps=5512.85 sink_active_mps=6563.33 sender_errors=0 sink_errors=0 node_cpu=44.88 total_cpu=251.00

BENCHMARK_RESULT mode=fire-and-forget clients=1 size=16384 rate=136500 repeat=19 sender_mps=6441.31 observed_mps=6551.31 sink_mps=5502.76 sink_active_mps=6551.31 sender_errors=0 sink_errors=0 node_cpu=44.17 total_cpu=249.11

BENCHMARK_RESULT mode=fire-and-forget clients=1 size=16384 rate=136500 repeat=20 sender_mps=6500.30 observed_mps=6559.02 sink_mps=5508.74 sink_active_mps=6559.02 sender_errors=0 sink_errors=0 node_cpu=44.54 total_cpu=251.69

BENCHMARK_RESULT mode=fire-and-forget clients=1 size=16384 rate=136500 repeat=21 sender_mps=6528.36 observed_mps=6587.28 sink_mps=5532.41 sink_active_mps=6587.28 sender_errors=0 sink_errors=0 node_cpu=44.92 total_cpu=251.56

BENCHMARK_RESULT mode=fire-and-forget clients=1 size=16384 rate=136500 repeat=22 sender_mps=6515.48 observed_mps=6574.27 sink_mps=5522.02 sink_active_mps=6574.27 sender_errors=0 sink_errors=0 node_cpu=44.73 total_cpu=251.99

BENCHMARK_RESULT mode=fire-and-forget clients=1 size=16384 rate=136500 repeat=23 sender_mps=6482.50 observed_mps=6593.37 sink_mps=5537.41 sink_active_mps=6593.37 sender_errors=0 sink_errors=0 node_cpu=44.54 total_cpu=250.01

BENCHMARK_RESULT mode=fire-and-forget clients=1 size=16384 rate=136500 repeat=24 sender_mps=6497.18 observed_mps=6607.17 sink_mps=5549.95 sink_active_mps=6607.17 sender_errors=0 sink_errors=0 node_cpu=44.57 total_cpu=250.28

BENCHMARK_RESULT mode=fire-and-forget clients=1 size=16384 rate=136500 repeat=25 sender_mps=6535.06 observed_mps=6594.11 sink_mps=5539.05 sink_active_mps=6594.11 sender_errors=0 sink_errors=0 node_cpu=44.70 total_cpu=252.61

CAPACITY_SWEEP_STEP mode=fire-and-forget clients=1 size=16384 phase=refine step=5 rate=136500 repeats=25 sender_mean_mps=6509.62 observed_mean_mps=6582.75 observed_gain_percent=2.11 node_cpu=44.74 total_cpu=251.48 total_errors=0 improved=false

BENCHMARK_RESULT mode=fire-and-forget clients=1 size=16384 rate=132250 repeat=1 sender_mps=6506.69 observed_mps=6564.86 sink_mps=5514.38 sink_active_mps=6564.86 sender_errors=0 sink_errors=0 node_cpu=44.72 total_cpu=252.51

BENCHMARK_RESULT mode=fire-and-forget clients=1 size=16384 rate=132250 repeat=2 sender_mps=6546.60 observed_mps=6605.73 sink_mps=5548.13 sink_active_mps=6605.73 sender_errors=0 sink_errors=0 node_cpu=44.72 total_cpu=252.56

BENCHMARK_RESULT mode=fire-and-forget clients=1 size=16384 rate=132250 repeat=3 sender_mps=6554.80 observed_mps=6613.80 sink_mps=5555.28 sink_active_mps=6613.80 sender_errors=0 sink_errors=0 node_cpu=45.10 total_cpu=252.88

BENCHMARK_RESULT mode=fire-and-forget clients=1 size=16384 rate=132250 repeat=4 sender_mps=6582.31 observed_mps=6641.29 sink_mps=5578.21 sink_active_mps=6641.29 sender_errors=0 sink_errors=0 node_cpu=44.89 total_cpu=253.00

BENCHMARK_RESULT mode=fire-and-forget clients=1 size=16384 rate=132250 repeat=5 sender_mps=6472.13 observed_mps=6582.84 sink_mps=5529.29 sink_active_mps=6582.84 sender_errors=0 sink_errors=0 node_cpu=44.36 total_cpu=249.46

BENCHMARK_RESULT mode=fire-and-forget clients=1 size=16384 rate=132250 repeat=6 sender_mps=6536.55 observed_mps=6595.88 sink_mps=5539.79 sink_active_mps=6595.88 sender_errors=0 sink_errors=0 node_cpu=44.91 total_cpu=252.25

BENCHMARK_RESULT mode=fire-and-forget clients=1 size=16384 rate=132250 repeat=7 sender_mps=6478.24 observed_mps=6588.82 sink_mps=5533.61 sink_active_mps=6588.82 sender_errors=0 sink_errors=0 node_cpu=44.49 total_cpu=249.64

BENCHMARK_RESULT mode=fire-and-forget clients=1 size=16384 rate=132250 repeat=8 sender_mps=6495.83 observed_mps=6606.61 sink_mps=5548.48 sink_active_mps=6606.61 sender_errors=0 sink_errors=0 node_cpu=44.55 total_cpu=250.76

BENCHMARK_RESULT mode=fire-and-forget clients=1 size=16384 rate=132250 repeat=9 sender_mps=6200.14 observed_mps=6255.79 sink_mps=5254.44 sink_active_mps=6255.79 sender_errors=0 sink_errors=0 node_cpu=42.55 total_cpu=245.87

BENCHMARK_RESULT mode=fire-and-forget clients=1 size=16384 rate=132250 repeat=10 sender_mps=6493.29 observed_mps=6551.25 sink_mps=5547.07 sink_active_mps=6551.25 sender_errors=0 sink_errors=0 node_cpu=44.54 total_cpu=250.65

BENCHMARK_RESULT mode=fire-and-forget clients=1 size=16384 rate=132250 repeat=11 sender_mps=6538.01 observed_mps=6596.83 sink_mps=5541.00 sink_active_mps=6596.83 sender_errors=0 sink_errors=0 node_cpu=44.72 total_cpu=252.19

BENCHMARK_RESULT mode=fire-and-forget clients=1 size=16384 rate=132250 repeat=12 sender_mps=6543.92 observed_mps=6603.20 sink_mps=5545.60 sink_active_mps=6603.20 sender_errors=0 sink_errors=0 node_cpu=44.88 total_cpu=252.25

BENCHMARK_RESULT mode=fire-and-forget clients=1 size=16384 rate=132250 repeat=13 sender_mps=6498.82 observed_mps=6557.67 sink_mps=5507.25 sink_active_mps=6557.67 sender_errors=0 sink_errors=0 node_cpu=44.51 total_cpu=251.03

BENCHMARK_RESULT mode=fire-and-forget clients=1 size=16384 rate=132250 repeat=14 sender_mps=6466.02 observed_mps=6575.84 sink_mps=5523.43 sink_active_mps=6575.84 sender_errors=0 sink_errors=0 node_cpu=43.98 total_cpu=249.05

BENCHMARK_RESULT mode=fire-and-forget clients=1 size=16384 rate=132250 repeat=15 sender_mps=6507.40 observed_mps=6566.07 sink_mps=5514.69 sink_active_mps=6566.07 sender_errors=0 sink_errors=0 node_cpu=44.71 total_cpu=251.39

BENCHMARK_RESULT mode=fire-and-forget clients=1 size=16384 rate=132250 repeat=16 sender_mps=6528.76 observed_mps=6587.34 sink_mps=5532.57 sink_active_mps=6587.34 sender_errors=0 sink_errors=0 node_cpu=44.71 total_cpu=252.40

BENCHMARK_RESULT mode=fire-and-forget clients=1 size=16384 rate=132250 repeat=17 sender_mps=6547.71 observed_mps=6606.88 sink_mps=5548.69 sink_active_mps=6606.88 sender_errors=0 sink_errors=0 node_cpu=44.90 total_cpu=252.41

BENCHMARK_RESULT mode=fire-and-forget clients=1 size=16384 rate=132250 repeat=18 sender_mps=6533.57 observed_mps=6592.60 sink_mps=5536.68 sink_active_mps=6592.60 sender_errors=0 sink_errors=0 node_cpu=44.92 total_cpu=252.48

BENCHMARK_RESULT mode=fire-and-forget clients=1 size=16384 rate=132250 repeat=19 sender_mps=6440.12 observed_mps=6549.69 sink_mps=5501.26 sink_active_mps=6549.69 sender_errors=0 sink_errors=0 node_cpu=44.56 total_cpu=249.75

BENCHMARK_RESULT mode=fire-and-forget clients=1 size=16384 rate=132250 repeat=20 sender_mps=6496.92 observed_mps=6555.31 sink_mps=5506.20 sink_active_mps=6555.31 sender_errors=0 sink_errors=0 node_cpu=44.88 total_cpu=251.88

BENCHMARK_RESULT mode=fire-and-forget clients=1 size=16384 rate=132250 repeat=21 sender_mps=6458.76 observed_mps=6569.05 sink_mps=5517.06 sink_active_mps=6569.05 sender_errors=0 sink_errors=0 node_cpu=44.33 total_cpu=249.89

BENCHMARK_RESULT mode=fire-and-forget clients=1 size=16384 rate=132250 repeat=22 sender_mps=6524.91 observed_mps=6583.06 sink_mps=5529.58 sink_active_mps=6583.06 sender_errors=0 sink_errors=0 node_cpu=44.66 total_cpu=251.61

BENCHMARK_RESULT mode=fire-and-forget clients=1 size=16384 rate=132250 repeat=23 sender_mps=6502.44 observed_mps=6560.75 sink_mps=5510.25 sink_active_mps=6560.75 sender_errors=0 sink_errors=0 node_cpu=44.69 total_cpu=251.72

BENCHMARK_RESULT mode=fire-and-forget clients=1 size=16384 rate=132250 repeat=24 sender_mps=6533.28 observed_mps=6591.73 sink_mps=5536.04 sink_active_mps=6591.73 sender_errors=0 sink_errors=0 node_cpu=44.70 total_cpu=252.27

BENCHMARK_RESULT mode=fire-and-forget clients=1 size=16384 rate=132250 repeat=25 sender_mps=6570.78 observed_mps=6629.42 sink_mps=5568.09 sink_active_mps=6629.42 sender_errors=0 sink_errors=0 node_cpu=45.11 total_cpu=253.67

CAPACITY_SWEEP_STEP mode=fire-and-forget clients=1 size=16384 phase=refine step=6 rate=132250 repeats=25 sender_mean_mps=6502.32 observed_mean_mps=6573.29 observed_gain_percent=1.96 node_cpu=44.60 total_cpu=251.34 total_errors=0 improved=false

BENCHMARK_RESULT mode=fire-and-forget clients=1 size=16384 rate=130125 repeat=1 sender_mps=6526.73 observed_mps=6638.40 sink_mps=5531.32 sink_active_mps=6638.40 sender_errors=0 sink_errors=0 node_cpu=44.68 total_cpu=252.16

BENCHMARK_RESULT mode=fire-and-forget clients=1 size=16384 rate=130125 repeat=2 sender_mps=6485.55 observed_mps=6596.03 sink_mps=5540.54 sink_active_mps=6596.03 sender_errors=0 sink_errors=0 node_cpu=44.56 total_cpu=250.21

BENCHMARK_RESULT mode=fire-and-forget clients=1 size=16384 rate=130125 repeat=3 sender_mps=6557.95 observed_mps=6617.08 sink_mps=5557.99 sink_active_mps=6617.08 sender_errors=0 sink_errors=0 node_cpu=44.65 total_cpu=251.68

BENCHMARK_RESULT mode=fire-and-forget clients=1 size=16384 rate=130125 repeat=4 sender_mps=6551.62 observed_mps=6609.98 sink_mps=5551.37 sink_active_mps=6609.98 sender_errors=0 sink_errors=0 node_cpu=44.90 total_cpu=252.63

BENCHMARK_RESULT mode=fire-and-forget clients=1 size=16384 rate=130125 repeat=5 sender_mps=6529.68 observed_mps=6588.40 sink_mps=5533.96 sink_active_mps=6588.40 sender_errors=0 sink_errors=0 node_cpu=44.91 total_cpu=252.77

BENCHMARK_RESULT mode=fire-and-forget clients=1 size=16384 rate=130125 repeat=6 sender_mps=6527.27 observed_mps=6585.88 sink_mps=5531.92 sink_active_mps=6585.88 sender_errors=0 sink_errors=0 node_cpu=44.70 total_cpu=252.22

BENCHMARK_RESULT mode=fire-and-forget clients=1 size=16384 rate=130125 repeat=7 sender_mps=6535.83 observed_mps=6594.00 sink_mps=5538.32 sink_active_mps=6594.00 sender_errors=0 sink_errors=0 node_cpu=44.74 total_cpu=252.99

BENCHMARK_RESULT mode=fire-and-forget clients=1 size=16384 rate=130125 repeat=8 sender_mps=6542.62 observed_mps=6601.37 sink_mps=5544.42 sink_active_mps=6601.37 sender_errors=0 sink_errors=0 node_cpu=45.12 total_cpu=252.90

BENCHMARK_RESULT mode=fire-and-forget clients=1 size=16384 rate=130125 repeat=9 sender_mps=6497.36 observed_mps=6555.61 sink_mps=5550.69 sink_active_mps=6555.61 sender_errors=0 sink_errors=0 node_cpu=44.37 total_cpu=250.57

BENCHMARK_RESULT mode=fire-and-forget clients=1 size=16384 rate=130125 repeat=10 sender_mps=6472.14 observed_mps=6582.69 sink_mps=5528.97 sink_active_mps=6582.69 sender_errors=0 sink_errors=0 node_cpu=44.38 total_cpu=250.26

BENCHMARK_RESULT mode=fire-and-forget clients=1 size=16384 rate=130125 repeat=11 sender_mps=6499.45 observed_mps=6610.38 sink_mps=5551.38 sink_active_mps=6610.38 sender_errors=0 sink_errors=0 node_cpu=44.58 total_cpu=250.96

BENCHMARK_RESULT mode=fire-and-forget clients=1 size=16384 rate=130125 repeat=12 sender_mps=6482.64 observed_mps=6592.38 sink_mps=5537.36 sink_active_mps=6592.38 sender_errors=0 sink_errors=0 node_cpu=44.37 total_cpu=250.21

BENCHMARK_RESULT mode=fire-and-forget clients=1 size=16384 rate=130125 repeat=13 sender_mps=6536.11 observed_mps=6595.16 sink_mps=5540.76 sink_active_mps=6595.16 sender_errors=0 sink_errors=0 node_cpu=44.92 total_cpu=253.09

BENCHMARK_RESULT mode=fire-and-forget clients=1 size=16384 rate=130125 repeat=14 sender_mps=6529.35 observed_mps=6588.04 sink_mps=5533.17 sink_active_mps=6588.04 sender_errors=0 sink_errors=0 node_cpu=44.89 total_cpu=252.48

BENCHMARK_RESULT mode=fire-and-forget clients=1 size=16384 rate=130125 repeat=15 sender_mps=6542.20 observed_mps=6601.07 sink_mps=5544.22 sink_active_mps=6601.07 sender_errors=0 sink_errors=0 node_cpu=45.09 total_cpu=252.39

BENCHMARK_RESULT mode=fire-and-forget clients=1 size=16384 rate=130125 repeat=16 sender_mps=6534.32 observed_mps=6592.86 sink_mps=5537.92 sink_active_mps=6592.86 sender_errors=0 sink_errors=0 node_cpu=44.72 total_cpu=251.86

BENCHMARK_RESULT mode=fire-and-forget clients=1 size=16384 rate=130125 repeat=17 sender_mps=6462.28 observed_mps=6572.20 sink_mps=5520.63 sink_active_mps=6572.20 sender_errors=0 sink_errors=0 node_cpu=44.35 total_cpu=249.86

BENCHMARK_RESULT mode=fire-and-forget clients=1 size=16384 rate=130125 repeat=18 sender_mps=6511.13 observed_mps=6570.22 sink_mps=5518.41 sink_active_mps=6570.22 sender_errors=0 sink_errors=0 node_cpu=44.91 total_cpu=252.29

BENCHMARK_RESULT mode=fire-and-forget clients=1 size=16384 rate=130125 repeat=19 sender_mps=6508.16 observed_mps=6566.51 sink_mps=5560.40 sink_active_mps=6566.51 sender_errors=0 sink_errors=0 node_cpu=44.95 total_cpu=250.78

BENCHMARK_RESULT mode=fire-and-forget clients=1 size=16384 rate=130125 repeat=20 sender_mps=6496.99 observed_mps=6555.42 sink_mps=5506.06 sink_active_mps=6555.42 sender_errors=0 sink_errors=0 node_cpu=44.71 total_cpu=252.29

BENCHMARK_RESULT mode=fire-and-forget clients=1 size=16384 rate=130125 repeat=21 sender_mps=6497.22 observed_mps=6555.15 sink_mps=5506.28 sink_active_mps=6555.15 sender_errors=0 sink_errors=0 node_cpu=44.93 total_cpu=252.20

BENCHMARK_RESULT mode=fire-and-forget clients=1 size=16384 rate=130125 repeat=22 sender_mps=6471.63 observed_mps=6530.08 sink_mps=5484.31 sink_active_mps=6530.08 sender_errors=0 sink_errors=0 node_cpu=44.69 total_cpu=252.02

BENCHMARK_RESULT mode=fire-and-forget clients=1 size=16384 rate=130125 repeat=23 sender_mps=6516.49 observed_mps=6575.72 sink_mps=5522.55 sink_active_mps=6575.72 sender_errors=0 sink_errors=0 node_cpu=45.12 total_cpu=253.00

BENCHMARK_RESULT mode=fire-and-forget clients=1 size=16384 rate=130125 repeat=24 sender_mps=6520.31 observed_mps=6578.43 sink_mps=5525.24 sink_active_mps=6578.43 sender_errors=0 sink_errors=0 node_cpu=44.73 total_cpu=252.54

BENCHMARK_RESULT mode=fire-and-forget clients=1 size=16384 rate=130125 repeat=25 sender_mps=6523.82 observed_mps=6582.12 sink_mps=5528.36 sink_active_mps=6582.12 sender_errors=0 sink_errors=0 node_cpu=44.89 total_cpu=252.35

CAPACITY_SWEEP_STEP mode=fire-and-forget clients=1 size=16384 phase=refine step=7 rate=130125 repeats=25 sender_mean_mps=6514.35 observed_mean_mps=6585.41 observed_gain_percent=2.15 node_cpu=44.75 total_cpu=251.87 total_errors=0 improved=false

CAPACITY_CASE_SUMMARY mode=fire-and-forget clients=1 size=16384 best_offered_rate=128000 capacity_rate_lower=128000 capacity_rate_upper=130125 best_effective_throughput_mps=6446.67 best_sender_completed_mps=6377.02 best_node_cpu=43.76 best_total_cpu=248.20 steps=7 stop_reason="refinement narrowed the estimated capacity to offered rates 128000 through 130125"

[38;5;243m------------------------------[0m
[38;5;10m• [1226.956 seconds][0m
[0mSLIM Benchmark Suite Matrix [38;5;10m[1mruns the repeated benchmark matrix and generates reports[0m [38;5;204m[benchmark-suite][0m
[38;5;243m/home/runner/work/csit/csit/benchmarks/agntcy-slim/tests/benchmark_suite_test.go:22[0m

  [38;5;243mReport Entries >>[0m
  [1mBenchmark Suite Summary[38;5;243m - /home/runner/work/csit/csit/benchmarks/agntcy-slim/tests/benchmark_suite_test.go:53 @ 07/03/26 12:20:48.725[0m
    /home/runner/work/csit/csit/benchmarks/agntcy-slim/reports/suite_summary.md
  [1mBenchmark Technical Report[38;5;243m - /home/runner/work/csit/csit/benchmarks/agntcy-slim/tests/benchmark_suite_test.go:54 @ 07/03/26 12:20:48.725[0m
    /home/runner/work/csit/csit/benchmarks/agntcy-slim/reports/technical_report.md
  [1mBenchmark Capacity Sweep Report[38;5;243m - /home/runner/work/csit/csit/benchmarks/agntcy-slim/tests/benchmark_suite_test.go:56 @ 07/03/26 12:20:48.725[0m
    /home/runner/work/csit/csit/benchmarks/agntcy-slim/reports/capacity_sweep.md
  [38;5;243m<< Report Entries[0m
[38;5;243m------------------------------[0m
[38;5;14mS[0m

[38;5;10m[1mRan 1 of 8 Specs in 1249.800 seconds[0m
[38;5;10m[1mSUCCESS![0m -- [38;5;10m[1m1 Passed[0m | [38;5;9m[1m0 Failed[0m | [38;5;11m[1m0 Pending[0m | [38;5;14m[1m7 Skipped[0m
--- PASS: TestTests (1249.80s)
PASS
ok  	github.com/agntcy/csit/benchmarks/agntcy-slim/tests	1249.807s
Using existing SLIM bindings in /home/runner/go/.cgo-cache/slim-bindings
/home/runner/go/.cgo-cache/slim-bindings/libslim_bindings_x86_64_linux_gnu.a
=== RUN   TestCapacitySweepImproved
--- PASS: TestCapacitySweepImproved (0.00s)
=== RUN   TestCapacitySweepRegressed
--- PASS: TestCapacitySweepRegressed (0.00s)
=== RUN   TestMidpointRate
--- PASS: TestMidpointRate (0.00s)
=== RUN   TestCanonicalBenchmarkMode
=== RUN   TestCanonicalBenchmarkMode/request_reply
=== RUN   TestCanonicalBenchmarkMode/fire_and_forget_uppercase
=== RUN   TestCanonicalBenchmarkMode/write
=== RUN   TestCanonicalBenchmarkMode/unsupported
--- PASS: TestCanonicalBenchmarkMode (0.00s)
    --- PASS: TestCanonicalBenchmarkMode/request_reply (0.00s)
    --- PASS: TestCanonicalBenchmarkMode/fire_and_forget_uppercase (0.00s)
    --- PASS: TestCanonicalBenchmarkMode/write (0.00s)
    --- PASS: TestCanonicalBenchmarkMode/unsupported (0.00s)
=== RUN   TestModeRateValues
--- PASS: TestModeRateValues (0.00s)
=== RUN   TestBenchmarkModeMetadata
--- PASS: TestBenchmarkModeMetadata (0.00s)
=== RUN   TestComputeSampleStatsEmpty
--- PASS: TestComputeSampleStatsEmpty (0.00s)
=== RUN   TestComputeSampleStatsSingleValue
--- PASS: TestComputeSampleStatsSingleValue (0.00s)
=== RUN   TestComputeSampleStatsSampleVariance
--- PASS: TestComputeSampleStatsSampleVariance (0.00s)
=== RUN   TestTests
Running Suite: Tests Suite - /home/runner/work/csit/csit/benchmarks/agntcy-slim/tests
=====================================================================================
Random Seed: [1m1783081249[0m

Will run [1m1[0m of [1m8[0m specs
[38;5;14mS[0m[38;5;14mS[0m[38;5;14mS[0m[38;5;14mS[0m[38;5;14mS[0m
BENCHMARK_RESULT mode=request-reply clients=1 size=16384 rate=1000 repeat=1 sender_mps=12.17 observed_mps=12.38 sink_mps=10.33 sink_active_mps=12.38 sender_errors=0 sink_errors=0 node_cpu=0.59 total_cpu=4.17 mean_latency_ms=81.43 p50_latency_ms=82.00 p99_latency_ms=123.63

BENCHMARK_RESULT mode=request-reply clients=1 size=16384 rate=1000 repeat=2 sender_mps=12.17 observed_mps=12.38 sink_mps=10.33 sink_active_mps=12.38 sender_errors=0 sink_errors=0 node_cpu=0.59 total_cpu=4.02 mean_latency_ms=81.44 p50_latency_ms=82.00 p99_latency_ms=123.34

BENCHMARK_RESULT mode=request-reply clients=1 size=16384 rate=1000 repeat=3 sender_mps=12.17 observed_mps=12.38 sink_mps=10.33 sink_active_mps=12.38 sender_errors=0 sink_errors=0 node_cpu=0.59 total_cpu=4.21 mean_latency_ms=81.45 p50_latency_ms=82.00 p99_latency_ms=123.29

BENCHMARK_RESULT mode=request-reply clients=1 size=16384 rate=1000 repeat=4 sender_mps=12.17 observed_mps=12.39 sink_mps=10.33 sink_active_mps=12.39 sender_errors=0 sink_errors=0 node_cpu=0.59 total_cpu=3.97 mean_latency_ms=81.41 p50_latency_ms=82.00 p99_latency_ms=123.58

BENCHMARK_RESULT mode=request-reply clients=1 size=16384 rate=1000 repeat=5 sender_mps=12.17 observed_mps=12.38 sink_mps=10.33 sink_active_mps=12.38 sender_errors=0 sink_errors=0 node_cpu=0.59 total_cpu=4.15 mean_latency_ms=81.44 p50_latency_ms=82.00 p99_latency_ms=123.52

BENCHMARK_RESULT mode=request-reply clients=1 size=16384 rate=1000 repeat=6 sender_mps=12.17 observed_mps=12.38 sink_mps=10.33 sink_active_mps=12.38 sender_errors=0 sink_errors=0 node_cpu=0.59 total_cpu=4.19 mean_latency_ms=81.41 p50_latency_ms=82.00 p99_latency_ms=123.50

BENCHMARK_RESULT mode=request-reply clients=1 size=16384 rate=1000 repeat=7 sender_mps=12.17 observed_mps=12.38 sink_mps=10.33 sink_active_mps=12.38 sender_errors=0 sink_errors=0 node_cpu=0.59 total_cpu=4.19 mean_latency_ms=81.45 p50_latency_ms=82.00 p99_latency_ms=123.27

BENCHMARK_RESULT mode=request-reply clients=1 size=16384 rate=1000 repeat=8 sender_mps=12.17 observed_mps=12.38 sink_mps=10.33 sink_active_mps=12.38 sender_errors=0 sink_errors=0 node_cpu=0.59 total_cpu=3.97 mean_latency_ms=81.41 p50_latency_ms=82.00 p99_latency_ms=123.52

BENCHMARK_RESULT mode=request-reply clients=1 size=16384 rate=1000 repeat=9 sender_mps=12.16 observed_mps=12.38 sink_mps=10.33 sink_active_mps=12.38 sender_errors=0 sink_errors=0 node_cpu=0.78 total_cpu=4.38 mean_latency_ms=81.46 p50_latency_ms=82.01 p99_latency_ms=123.57

BENCHMARK_RESULT mode=request-reply clients=1 size=16384 rate=1000 repeat=10 sender_mps=12.15 observed_mps=12.36 sink_mps=10.33 sink_active_mps=12.36 sender_errors=0 sink_errors=0 node_cpu=0.59 total_cpu=4.38 mean_latency_ms=81.58 p50_latency_ms=82.01 p99_latency_ms=123.51

BENCHMARK_RESULT mode=request-reply clients=1 size=16384 rate=1000 repeat=11 sender_mps=12.06 observed_mps=12.38 sink_mps=10.33 sink_active_mps=12.38 sender_errors=0 sink_errors=0 node_cpu=0.58 total_cpu=4.21 mean_latency_ms=81.49 p50_latency_ms=82.00 p99_latency_ms=123.46

BENCHMARK_RESULT mode=request-reply clients=1 size=16384 rate=1000 repeat=12 sender_mps=12.16 observed_mps=12.38 sink_mps=10.33 sink_active_mps=12.38 sender_errors=0 sink_errors=0 node_cpu=0.59 total_cpu=4.17 mean_latency_ms=81.46 p50_latency_ms=82.01 p99_latency_ms=123.36

BENCHMARK_RESULT mode=request-reply clients=1 size=16384 rate=1000 repeat=13 sender_mps=12.17 observed_mps=12.38 sink_mps=10.33 sink_active_mps=12.38 sender_errors=0 sink_errors=0 node_cpu=0.59 total_cpu=4.17 mean_latency_ms=81.42 p50_latency_ms=82.01 p99_latency_ms=123.74

BENCHMARK_RESULT mode=request-reply clients=1 size=16384 rate=1000 repeat=14 sender_mps=12.17 observed_mps=12.39 sink_mps=10.33 sink_active_mps=12.39 sender_errors=0 sink_errors=0 node_cpu=0.59 total_cpu=4.18 mean_latency_ms=81.40 p50_latency_ms=82.01 p99_latency_ms=123.32

BENCHMARK_RESULT mode=request-reply clients=1 size=16384 rate=1000 repeat=15 sender_mps=12.17 observed_mps=12.39 sink_mps=10.33 sink_active_mps=12.39 sender_errors=0 sink_errors=0 node_cpu=0.39 total_cpu=4.01 mean_latency_ms=81.40 p50_latency_ms=82.00 p99_latency_ms=123.33

BENCHMARK_RESULT mode=request-reply clients=1 size=16384 rate=1000 repeat=16 sender_mps=12.17 observed_mps=12.38 sink_mps=10.33 sink_active_mps=12.38 sender_errors=0 sink_errors=0 node_cpu=0.78 total_cpu=4.17 mean_latency_ms=81.43 p50_latency_ms=82.00 p99_latency_ms=123.26

BENCHMARK_RESULT mode=request-reply clients=1 size=16384 rate=1000 repeat=17 sender_mps=12.16 observed_mps=12.38 sink_mps=10.33 sink_active_mps=12.38 sender_errors=0 sink_errors=0 node_cpu=0.59 total_cpu=4.16 mean_latency_ms=81.46 p50_latency_ms=82.00 p99_latency_ms=123.33

BENCHMARK_RESULT mode=request-reply clients=1 size=16384 rate=1000 repeat=18 sender_mps=12.16 observed_mps=12.38 sink_mps=10.33 sink_active_mps=12.38 sender_errors=0 sink_errors=0 node_cpu=0.39 total_cpu=4.01 mean_latency_ms=81.46 p50_latency_ms=82.01 p99_latency_ms=123.33

BENCHMARK_RESULT mode=request-reply clients=1 size=16384 rate=1000 repeat=19 sender_mps=12.17 observed_mps=12.38 sink_mps=10.33 sink_active_mps=12.38 sender_errors=0 sink_errors=0 node_cpu=0.78 total_cpu=4.39 mean_latency_ms=81.43 p50_latency_ms=82.01 p99_latency_ms=123.33

BENCHMARK_RESULT mode=request-reply clients=1 size=16384 rate=1000 repeat=20 sender_mps=12.16 observed_mps=12.37 sink_mps=10.33 sink_active_mps=12.37 sender_errors=0 sink_errors=0 node_cpu=0.59 total_cpu=4.22 mean_latency_ms=81.50 p50_latency_ms=82.01 p99_latency_ms=123.30

BENCHMARK_RESULT mode=request-reply clients=1 size=16384 rate=1000 repeat=21 sender_mps=12.17 observed_mps=12.38 sink_mps=10.33 sink_active_mps=12.38 sender_errors=0 sink_errors=0 node_cpu=0.59 total_cpu=4.20 mean_latency_ms=81.41 p50_latency_ms=82.01 p99_latency_ms=123.32

BENCHMARK_RESULT mode=request-reply clients=1 size=16384 rate=1000 repeat=22 sender_mps=12.17 observed_mps=12.38 sink_mps=10.33 sink_active_mps=12.38 sender_errors=0 sink_errors=0 node_cpu=0.59 total_cpu=4.20 mean_latency_ms=81.43 p50_latency_ms=82.00 p99_latency_ms=123.62

BENCHMARK_RESULT mode=request-reply clients=1 size=16384 rate=1000 repeat=23 sender_mps=12.17 observed_mps=12.38 sink_mps=10.33 sink_active_mps=12.38 sender_errors=0 sink_errors=0 node_cpu=0.59 total_cpu=4.17 mean_latency_ms=81.43 p50_latency_ms=82.00 p99_latency_ms=123.28

BENCHMARK_RESULT mode=request-reply clients=1 size=16384 rate=1000 repeat=24 sender_mps=12.17 observed_mps=12.38 sink_mps=10.33 sink_active_mps=12.38 sender_errors=0 sink_errors=0 node_cpu=0.78 total_cpu=4.39 mean_latency_ms=81.42 p50_latency_ms=82.00 p99_latency_ms=123.33

BENCHMARK_RESULT mode=request-reply clients=1 size=16384 rate=1000 repeat=25 sender_mps=12.17 observed_mps=12.38 sink_mps=10.33 sink_active_mps=12.38 sender_errors=0 sink_errors=0 node_cpu=0.59 total_cpu=3.99 mean_latency_ms=81.41 p50_latency_ms=82.01 p99_latency_ms=123.36

MODE_SUMMARY mode=request-reply runs=25 cases=1 mean_latency_ms=81.44 p50_latency_ms=82.00 p99_latency_ms=123.42 node_cpu=0.60 total_cpu=4.17 total_errors=0

BENCHMARK_RESULT mode=request-reply clients=1 size=16384 rate=1000 repeat=1 sender_mps=12.16 observed_mps=12.37 sink_mps=10.33 sink_active_mps=12.37 sender_errors=0 sink_errors=0 node_cpu=0.59 total_cpu=4.22 mean_latency_ms=81.48 p50_latency_ms=82.01 p99_latency_ms=123.29

BENCHMARK_RESULT mode=request-reply clients=1 size=16384 rate=1000 repeat=2 sender_mps=12.17 observed_mps=12.38 sink_mps=10.33 sink_active_mps=12.38 sender_errors=0 sink_errors=0 node_cpu=0.59 total_cpu=4.18 mean_latency_ms=81.42 p50_latency_ms=82.00 p99_latency_ms=124.02

BENCHMARK_RESULT mode=request-reply clients=1 size=16384 rate=1000 repeat=3 sender_mps=12.17 observed_mps=12.38 sink_mps=10.33 sink_active_mps=12.38 sender_errors=0 sink_errors=0 node_cpu=0.59 total_cpu=4.19 mean_latency_ms=81.45 p50_latency_ms=82.00 p99_latency_ms=123.31

BENCHMARK_RESULT mode=request-reply clients=1 size=16384 rate=1000 repeat=4 sender_mps=12.17 observed_mps=12.38 sink_mps=10.33 sink_active_mps=12.38 sender_errors=0 sink_errors=0 node_cpu=0.59 total_cpu=4.19 mean_latency_ms=81.43 p50_latency_ms=82.00 p99_latency_ms=123.30

BENCHMARK_RESULT mode=request-reply clients=1 size=16384 rate=1000 repeat=5 sender_mps=12.17 observed_mps=12.38 sink_mps=10.33 sink_active_mps=12.38 sender_errors=0 sink_errors=0 node_cpu=0.59 total_cpu=4.20 mean_latency_ms=81.43 p50_latency_ms=82.01 p99_latency_ms=123.31

BENCHMARK_RESULT mode=request-reply clients=1 size=16384 rate=1000 repeat=6 sender_mps=12.17 observed_mps=12.38 sink_mps=10.33 sink_active_mps=12.38 sender_errors=0 sink_errors=0 node_cpu=0.78 total_cpu=4.39 mean_latency_ms=81.43 p50_latency_ms=82.00 p99_latency_ms=123.61

BENCHMARK_RESULT mode=request-reply clients=1 size=16384 rate=1000 repeat=7 sender_mps=12.17 observed_mps=12.38 sink_mps=10.33 sink_active_mps=12.38 sender_errors=0 sink_errors=0 node_cpu=0.59 total_cpu=4.20 mean_latency_ms=81.45 p50_latency_ms=82.00 p99_latency_ms=123.52

BENCHMARK_RESULT mode=request-reply clients=1 size=16384 rate=1000 repeat=8 sender_mps=12.17 observed_mps=12.38 sink_mps=10.33 sink_active_mps=12.38 sender_errors=0 sink_errors=0 node_cpu=0.59 total_cpu=4.17 mean_latency_ms=81.41 p50_latency_ms=82.00 p99_latency_ms=123.32

BENCHMARK_RESULT mode=request-reply clients=1 size=16384 rate=1000 repeat=9 sender_mps=12.17 observed_mps=12.38 sink_mps=10.33 sink_active_mps=12.38 sender_errors=0 sink_errors=0 node_cpu=0.59 total_cpu=4.19 mean_latency_ms=81.43 p50_latency_ms=82.00 p99_latency_ms=123.44

BENCHMARK_RESULT mode=request-reply clients=1 size=16384 rate=1000 repeat=10 sender_mps=12.17 observed_mps=12.38 sink_mps=10.33 sink_active_mps=12.38 sender_errors=0 sink_errors=0 node_cpu=0.59 total_cpu=4.15 mean_latency_ms=81.45 p50_latency_ms=82.00 p99_latency_ms=123.27

BENCHMARK_RESULT mode=request-reply clients=1 size=16384 rate=1000 repeat=11 sender_mps=12.17 observed_mps=12.38 sink_mps=10.33 sink_active_mps=12.38 sender_errors=0 sink_errors=0 node_cpu=0.59 total_cpu=4.18 mean_latency_ms=81.45 p50_latency_ms=82.00 p99_latency_ms=123.29

BENCHMARK_RESULT mode=request-reply clients=1 size=16384 rate=1000 repeat=12 sender_mps=12.17 observed_mps=12.39 sink_mps=10.33 sink_active_mps=12.39 sender_errors=0 sink_errors=0 node_cpu=0.59 total_cpu=4.22 mean_latency_ms=81.40 p50_latency_ms=82.00 p99_latency_ms=123.28

BENCHMARK_RESULT mode=request-reply clients=1 size=16384 rate=1000 repeat=13 sender_mps=12.17 observed_mps=12.38 sink_mps=10.33 sink_active_mps=12.38 sender_errors=0 sink_errors=0 node_cpu=0.59 total_cpu=4.19 mean_latency_ms=81.44 p50_latency_ms=82.01 p99_latency_ms=123.40

BENCHMARK_RESULT mode=request-reply clients=1 size=16384 rate=1000 repeat=14 sender_mps=12.16 observed_mps=12.38 sink_mps=10.33 sink_active_mps=12.38 sender_errors=0 sink_errors=0 node_cpu=0.39 total_cpu=3.80 mean_latency_ms=81.46 p50_latency_ms=82.00 p99_latency_ms=124.55

BENCHMARK_RESULT mode=request-reply clients=1 size=16384 rate=1000 repeat=15 sender_mps=12.16 observed_mps=12.37 sink_mps=10.33 sink_active_mps=12.37 sender_errors=0 sink_errors=0 node_cpu=0.78 total_cpu=4.39 mean_latency_ms=81.48 p50_latency_ms=82.00 p99_latency_ms=123.61

BENCHMARK_RESULT mode=request-reply clients=1 size=16384 rate=1000 repeat=16 sender_mps=12.16 observed_mps=12.38 sink_mps=10.33 sink_active_mps=12.38 sender_errors=0 sink_errors=0 node_cpu=0.59 total_cpu=4.19 mean_latency_ms=81.46 p50_latency_ms=82.00 p99_latency_ms=123.32

BENCHMARK_RESULT mode=request-reply clients=1 size=16384 rate=1000 repeat=17 sender_mps=12.17 observed_mps=12.38 sink_mps=10.33 sink_active_mps=12.38 sender_errors=0 sink_errors=0 node_cpu=0.59 total_cpu=4.19 mean_latency_ms=81.45 p50_latency_ms=82.00 p99_latency_ms=123.19

BENCHMARK_RESULT mode=request-reply clients=1 size=16384 rate=1000 repeat=18 sender_mps=12.16 observed_mps=12.38 sink_mps=10.33 sink_active_mps=12.38 sender_errors=0 sink_errors=0 node_cpu=0.59 total_cpu=3.97 mean_latency_ms=81.46 p50_latency_ms=82.01 p99_latency_ms=124.42

BENCHMARK_RESULT mode=request-reply clients=1 size=16384 rate=1000 repeat=19 sender_mps=12.17 observed_mps=12.38 sink_mps=10.33 sink_active_mps=12.38 sender_errors=0 sink_errors=0 node_cpu=0.59 total_cpu=3.97 mean_latency_ms=81.45 p50_latency_ms=82.01 p99_latency_ms=123.31

BENCHMARK_RESULT mode=request-reply clients=1 size=16384 rate=1000 repeat=20 sender_mps=12.17 observed_mps=12.39 sink_mps=10.33 sink_active_mps=12.39 sender_errors=0 sink_errors=0 node_cpu=0.39 total_cpu=3.98 mean_latency_ms=81.40 p50_latency_ms=82.00 p99_latency_ms=123.43

BENCHMARK_RESULT mode=request-reply clients=1 size=16384 rate=1000 repeat=21 sender_mps=12.17 observed_mps=12.38 sink_mps=10.33 sink_active_mps=12.38 sender_errors=0 sink_errors=0 node_cpu=0.59 total_cpu=4.20 mean_latency_ms=81.43 p50_latency_ms=82.00 p99_latency_ms=123.33

BENCHMARK_RESULT mode=request-reply clients=1 size=16384 rate=1000 repeat=22 sender_mps=12.16 observed_mps=12.38 sink_mps=10.33 sink_active_mps=12.38 sender_errors=0 sink_errors=0 node_cpu=0.59 total_cpu=3.99 mean_latency_ms=81.45 p50_latency_ms=82.00 p99_latency_ms=123.51

BENCHMARK_RESULT mode=request-reply clients=1 size=16384 rate=1000 repeat=23 sender_mps=12.17 observed_mps=12.38 sink_mps=10.33 sink_active_mps=12.38 sender_errors=0 sink_errors=0 node_cpu=0.59 total_cpu=4.18 mean_latency_ms=81.43 p50_latency_ms=81.99 p99_latency_ms=123.34

BENCHMARK_RESULT mode=request-reply clients=1 size=16384 rate=1000 repeat=24 sender_mps=12.16 observed_mps=12.38 sink_mps=10.33 sink_active_mps=12.38 sender_errors=0 sink_errors=0 node_cpu=0.59 total_cpu=4.19 mean_latency_ms=81.45 p50_latency_ms=82.00 p99_latency_ms=123.52

BENCHMARK_RESULT mode=request-reply clients=1 size=16384 rate=1000 repeat=25 sender_mps=12.17 observed_mps=12.38 sink_mps=10.33 sink_active_mps=12.38 sender_errors=0 sink_errors=0 node_cpu=0.59 total_cpu=4.00 mean_latency_ms=81.41 p50_latency_ms=82.00 p99_latency_ms=123.33

CAPACITY_SWEEP_STEP mode=request-reply clients=1 size=16384 phase=coarse step=1 rate=1000 repeats=25 sender_mean_mps=12.17 observed_mean_mps=12.38 observed_gain_percent=0.00 node_cpu=0.59 total_cpu=4.15 total_errors=0 improved=true

BENCHMARK_RESULT mode=request-reply clients=1 size=16384 rate=2000 repeat=1 sender_mps=12.17 observed_mps=12.38 sink_mps=10.33 sink_active_mps=12.38 sender_errors=0 sink_errors=0 node_cpu=0.59 total_cpu=3.98 mean_latency_ms=81.43 p50_latency_ms=82.00 p99_latency_ms=123.59

BENCHMARK_RESULT mode=request-reply clients=1 size=16384 rate=2000 repeat=2 sender_mps=12.17 observed_mps=12.38 sink_mps=10.33 sink_active_mps=12.38 sender_errors=0 sink_errors=0 node_cpu=0.59 total_cpu=4.21 mean_latency_ms=81.45 p50_latency_ms=82.00 p99_latency_ms=123.38

BENCHMARK_RESULT mode=request-reply clients=1 size=16384 rate=2000 repeat=3 sender_mps=12.17 observed_mps=12.38 sink_mps=10.33 sink_active_mps=12.38 sender_errors=0 sink_errors=0 node_cpu=0.78 total_cpu=4.41 mean_latency_ms=81.45 p50_latency_ms=82.00 p99_latency_ms=124.02

BENCHMARK_RESULT mode=request-reply clients=1 size=16384 rate=2000 repeat=4 sender_mps=12.16 observed_mps=12.38 sink_mps=10.33 sink_active_mps=12.38 sender_errors=0 sink_errors=0 node_cpu=0.39 total_cpu=4.02 mean_latency_ms=81.46 p50_latency_ms=82.00 p99_latency_ms=123.46

BENCHMARK_RESULT mode=request-reply clients=1 size=16384 rate=2000 repeat=5 sender_mps=12.17 observed_mps=12.38 sink_mps=10.33 sink_active_mps=12.38 sender_errors=0 sink_errors=0 node_cpu=0.78 total_cpu=4.36 mean_latency_ms=81.45 p50_latency_ms=82.00 p99_latency_ms=123.35

BENCHMARK_RESULT mode=request-reply clients=1 size=16384 rate=2000 repeat=6 sender_mps=12.17 observed_mps=12.38 sink_mps=10.33 sink_active_mps=12.38 sender_errors=0 sink_errors=0 node_cpu=0.59 total_cpu=4.20 mean_latency_ms=81.41 p50_latency_ms=82.00 p99_latency_ms=123.33

BENCHMARK_RESULT mode=request-reply clients=1 size=16384 rate=2000 repeat=7 sender_mps=12.17 observed_mps=12.38 sink_mps=10.33 sink_active_mps=12.38 sender_errors=0 sink_errors=0 node_cpu=0.59 total_cpu=3.97 mean_latency_ms=81.41 p50_latency_ms=82.00 p99_latency_ms=123.35

BENCHMARK_RESULT mode=request-reply clients=1 size=16384 rate=2000 repeat=8 sender_mps=12.17 observed_mps=12.38 sink_mps=10.33 sink_active_mps=12.38 sender_errors=0 sink_errors=0 node_cpu=0.59 total_cpu=4.24 mean_latency_ms=81.45 p50_latency_ms=82.00 p99_latency_ms=123.35

BENCHMARK_RESULT mode=request-reply clients=1 size=16384 rate=2000 repeat=9 sender_mps=12.17 observed_mps=12.39 sink_mps=10.33 sink_active_mps=12.39 sender_errors=0 sink_errors=0 node_cpu=0.59 total_cpu=4.19 mean_latency_ms=81.40 p50_latency_ms=82.01 p99_latency_ms=123.34

BENCHMARK_RESULT mode=request-reply clients=1 size=16384 rate=2000 repeat=10 sender_mps=12.17 observed_mps=12.38 sink_mps=10.33 sink_active_mps=12.38 sender_errors=0 sink_errors=0 node_cpu=0.78 total_cpu=4.39 mean_latency_ms=81.43 p50_latency_ms=82.00 p99_latency_ms=123.54

BENCHMARK_RESULT mode=request-reply clients=1 size=16384 rate=2000 repeat=11 sender_mps=12.16 observed_mps=12.37 sink_mps=10.33 sink_active_mps=12.37 sender_errors=0 sink_errors=0 node_cpu=0.59 total_cpu=4.23 mean_latency_ms=81.49 p50_latency_ms=82.00 p99_latency_ms=123.61

BENCHMARK_RESULT mode=request-reply clients=1 size=16384 rate=2000 repeat=12 sender_mps=12.17 observed_mps=12.38 sink_mps=10.33 sink_active_mps=12.38 sender_errors=0 sink_errors=0 node_cpu=0.39 total_cpu=4.00 mean_latency_ms=81.43 p50_latency_ms=82.00 p99_latency_ms=123.36

BENCHMARK_RESULT mode=request-reply clients=1 size=16384 rate=2000 repeat=13 sender_mps=12.17 observed_mps=12.38 sink_mps=10.33 sink_active_mps=12.38 sender_errors=0 sink_errors=0 node_cpu=0.78 total_cpu=4.40 mean_latency_ms=81.43 p50_latency_ms=82.00 p99_latency_ms=123.45

BENCHMARK_RESULT mode=request-reply clients=1 size=16384 rate=2000 repeat=14 sender_mps=12.16 observed_mps=12.38 sink_mps=10.33 sink_active_mps=12.38 sender_errors=0 sink_errors=0 node_cpu=0.59 total_cpu=4.19 mean_latency_ms=81.46 p50_latency_ms=82.01 p99_latency_ms=123.54

BENCHMARK_RESULT mode=request-reply clients=1 size=16384 rate=2000 repeat=15 sender_mps=12.17 observed_mps=12.38 sink_mps=10.33 sink_active_mps=12.38 sender_errors=0 sink_errors=0 node_cpu=0.59 total_cpu=4.19 mean_latency_ms=81.45 p50_latency_ms=82.00 p99_latency_ms=123.49

BENCHMARK_RESULT mode=request-reply clients=1 size=16384 rate=2000 repeat=16 sender_mps=12.16 observed_mps=12.38 sink_mps=10.33 sink_active_mps=12.38 sender_errors=0 sink_errors=0 node_cpu=0.59 total_cpu=4.18 mean_latency_ms=81.46 p50_latency_ms=82.01 p99_latency_ms=123.26

BENCHMARK_RESULT mode=request-reply clients=1 size=16384 rate=2000 repeat=17 sender_mps=12.17 observed_mps=12.38 sink_mps=10.33 sink_active_mps=12.38 sender_errors=0 sink_errors=0 node_cpu=0.59 total_cpu=4.21 mean_latency_ms=81.42 p50_latency_ms=82.00 p99_latency_ms=123.34

BENCHMARK_RESULT mode=request-reply clients=1 size=16384 rate=2000 repeat=18 sender_mps=12.16 observed_mps=12.38 sink_mps=10.33 sink_active_mps=12.38 sender_errors=0 sink_errors=0 node_cpu=0.59 total_cpu=4.24 mean_latency_ms=81.48 p50_latency_ms=82.00 p99_latency_ms=123.29

BENCHMARK_RESULT mode=request-reply clients=1 size=16384 rate=2000 repeat=19 sender_mps=12.17 observed_mps=12.38 sink_mps=10.33 sink_active_mps=12.38 sender_errors=0 sink_errors=0 node_cpu=0.78 total_cpu=4.38 mean_latency_ms=81.43 p50_latency_ms=82.00 p99_latency_ms=123.30

BENCHMARK_RESULT mode=request-reply clients=1 size=16384 rate=2000 repeat=20 sender_mps=12.17 observed_mps=12.38 sink_mps=10.33 sink_active_mps=12.38 sender_errors=0 sink_errors=0 node_cpu=0.59 total_cpu=4.20 mean_latency_ms=81.41 p50_latency_ms=82.00 p99_latency_ms=123.26

BENCHMARK_RESULT mode=request-reply clients=1 size=16384 rate=2000 repeat=21 sender_mps=12.17 observed_mps=12.39 sink_mps=10.33 sink_active_mps=12.39 sender_errors=0 sink_errors=0 node_cpu=0.59 total_cpu=4.17 mean_latency_ms=81.40 p50_latency_ms=82.01 p99_latency_ms=123.19

BENCHMARK_RESULT mode=request-reply clients=1 size=16384 rate=2000 repeat=22 sender_mps=12.17 observed_mps=12.38 sink_mps=10.33 sink_active_mps=12.38 sender_errors=0 sink_errors=0 node_cpu=0.59 total_cpu=3.99 mean_latency_ms=81.42 p50_latency_ms=81.99 p99_latency_ms=123.37

BENCHMARK_RESULT mode=request-reply clients=1 size=16384 rate=2000 repeat=23 sender_mps=12.17 observed_mps=12.38 sink_mps=10.33 sink_active_mps=12.38 sender_errors=0 sink_errors=0 node_cpu=0.59 total_cpu=4.18 mean_latency_ms=81.44 p50_latency_ms=82.01 p99_latency_ms=123.44

BENCHMARK_RESULT mode=request-reply clients=1 size=16384 rate=2000 repeat=24 sender_mps=12.17 observed_mps=12.39 sink_mps=10.33 sink_active_mps=12.39 sender_errors=0 sink_errors=0 node_cpu=0.78 total_cpu=4.38 mean_latency_ms=81.40 p50_latency_ms=82.00 p99_latency_ms=123.34

BENCHMARK_RESULT mode=request-reply clients=1 size=16384 rate=2000 repeat=25 sender_mps=12.17 observed_mps=12.38 sink_mps=10.33 sink_active_mps=12.38 sender_errors=0 sink_errors=0 node_cpu=0.39 total_cpu=4.01 mean_latency_ms=81.43 p50_latency_ms=82.00 p99_latency_ms=123.33

CAPACITY_SWEEP_STEP mode=request-reply clients=1 size=16384 phase=coarse step=2 rate=2000 repeats=25 sender_mean_mps=12.17 observed_mean_mps=12.38 observed_gain_percent=0.01 node_cpu=0.61 total_cpu=4.20 total_errors=0 improved=false

BENCHMARK_RESULT mode=request-reply clients=1 size=16384 rate=1500 repeat=1 sender_mps=12.16 observed_mps=12.38 sink_mps=10.33 sink_active_mps=12.38 sender_errors=0 sink_errors=0 node_cpu=0.78 total_cpu=4.39 mean_latency_ms=81.45 p50_latency_ms=82.00 p99_latency_ms=123.34

BENCHMARK_RESULT mode=request-reply clients=1 size=16384 rate=1500 repeat=2 sender_mps=12.16 observed_mps=12.38 sink_mps=10.33 sink_active_mps=12.38 sender_errors=0 sink_errors=0 node_cpu=0.59 total_cpu=4.45 mean_latency_ms=81.43 p50_latency_ms=82.01 p99_latency_ms=123.69

BENCHMARK_RESULT mode=request-reply clients=1 size=16384 rate=1500 repeat=3 sender_mps=12.17 observed_mps=12.38 sink_mps=10.33 sink_active_mps=12.38 sender_errors=0 sink_errors=0 node_cpu=0.59 total_cpu=4.21 mean_latency_ms=81.43 p50_latency_ms=82.01 p99_latency_ms=123.31

BENCHMARK_RESULT mode=request-reply clients=1 size=16384 rate=1500 repeat=4 sender_mps=12.17 observed_mps=12.38 sink_mps=10.33 sink_active_mps=12.38 sender_errors=0 sink_errors=0 node_cpu=0.59 total_cpu=4.18 mean_latency_ms=81.41 p50_latency_ms=82.00 p99_latency_ms=123.33

BENCHMARK_RESULT mode=request-reply clients=1 size=16384 rate=1500 repeat=5 sender_mps=12.17 observed_mps=12.39 sink_mps=10.33 sink_active_mps=12.39 sender_errors=0 sink_errors=0 node_cpu=0.59 total_cpu=3.98 mean_latency_ms=81.40 p50_latency_ms=82.00 p99_latency_ms=123.32

BENCHMARK_RESULT mode=request-reply clients=1 size=16384 rate=1500 repeat=6 sender_mps=12.16 observed_mps=12.38 sink_mps=10.33 sink_active_mps=12.38 sender_errors=0 sink_errors=0 node_cpu=0.59 total_cpu=4.18 mean_latency_ms=81.46 p50_latency_ms=82.00 p99_latency_ms=123.36

BENCHMARK_RESULT mode=request-reply clients=1 size=16384 rate=1500 repeat=7 sender_mps=12.16 observed_mps=12.38 sink_mps=10.33 sink_active_mps=12.38 sender_errors=0 sink_errors=0 node_cpu=0.59 total_cpu=4.00 mean_latency_ms=81.45 p50_latency_ms=82.01 p99_latency_ms=123.25

BENCHMARK_RESULT mode=request-reply clients=1 size=16384 rate=1500 repeat=8 sender_mps=12.16 observed_mps=12.38 sink_mps=10.33 sink_active_mps=12.38 sender_errors=0 sink_errors=0 node_cpu=0.59 total_cpu=4.17 mean_latency_ms=81.46 p50_latency_ms=82.00 p99_latency_ms=123.50

BENCHMARK_RESULT mode=request-reply clients=1 size=16384 rate=1500 repeat=9 sender_mps=12.16 observed_mps=12.38 sink_mps=10.33 sink_active_mps=12.38 sender_errors=0 sink_errors=0 node_cpu=0.59 total_cpu=4.19 mean_latency_ms=81.46 p50_latency_ms=81.99 p99_latency_ms=123.34

BENCHMARK_RESULT mode=request-reply clients=1 size=16384 rate=1500 repeat=10 sender_mps=12.16 observed_mps=12.38 sink_mps=10.33 sink_active_mps=12.38 sender_errors=0 sink_errors=0 node_cpu=0.59 total_cpu=4.19 mean_latency_ms=81.45 p50_latency_ms=82.01 p99_latency_ms=123.24

BENCHMARK_RESULT mode=request-reply clients=1 size=16384 rate=1500 repeat=11 sender_mps=12.17 observed_mps=12.38 sink_mps=10.33 sink_active_mps=12.38 sender_errors=0 sink_errors=0 node_cpu=0.59 total_cpu=3.99 mean_latency_ms=81.43 p50_latency_ms=82.00 p99_latency_ms=123.39

BENCHMARK_RESULT mode=request-reply clients=1 size=16384 rate=1500 repeat=12 sender_mps=12.17 observed_mps=12.39 sink_mps=10.33 sink_active_mps=12.39 sender_errors=0 sink_errors=0 node_cpu=0.78 total_cpu=4.37 mean_latency_ms=81.43 p50_latency_ms=82.00 p99_latency_ms=123.40

BENCHMARK_RESULT mode=request-reply clients=1 size=16384 rate=1500 repeat=13 sender_mps=12.17 observed_mps=12.38 sink_mps=10.33 sink_active_mps=12.38 sender_errors=0 sink_errors=0 node_cpu=0.59 total_cpu=4.19 mean_latency_ms=81.44 p50_latency_ms=82.00 p99_latency_ms=123.57

BENCHMARK_RESULT mode=request-reply clients=1 size=16384 rate=1500 repeat=14 sender_mps=12.17 observed_mps=12.39 sink_mps=10.33 sink_active_mps=12.39 sender_errors=0 sink_errors=0 node_cpu=0.59 total_cpu=4.17 mean_latency_ms=81.41 p50_latency_ms=82.00 p99_latency_ms=123.37

BENCHMARK_RESULT mode=request-reply clients=1 size=16384 rate=1500 repeat=15 sender_mps=12.17 observed_mps=12.38 sink_mps=10.33 sink_active_mps=12.38 sender_errors=0 sink_errors=0 node_cpu=0.59 total_cpu=4.19 mean_latency_ms=81.43 p50_latency_ms=82.00 p99_latency_ms=123.42

BENCHMARK_RESULT mode=request-reply clients=1 size=16384 rate=1500 repeat=16 sender_mps=12.17 observed_mps=12.38 sink_mps=10.33 sink_active_mps=12.38 sender_errors=0 sink_errors=0 node_cpu=0.78 total_cpu=4.39 mean_latency_ms=81.42 p50_latency_ms=82.00 p99_latency_ms=123.19

BENCHMARK_RESULT mode=request-reply clients=1 size=16384 rate=1500 repeat=17 sender_mps=12.16 observed_mps=12.38 sink_mps=10.33 sink_active_mps=12.38 sender_errors=0 sink_errors=0 node_cpu=0.39 total_cpu=3.99 mean_latency_ms=81.46 p50_latency_ms=81.99 p99_latency_ms=123.51

BENCHMARK_RESULT mode=request-reply clients=1 size=16384 rate=1500 repeat=18 sender_mps=12.16 observed_mps=12.38 sink_mps=10.33 sink_active_mps=12.38 sender_errors=0 sink_errors=0 node_cpu=0.78 total_cpu=4.42 mean_latency_ms=81.48 p50_latency_ms=82.00 p99_latency_ms=123.47

BENCHMARK_RESULT mode=request-reply clients=1 size=16384 rate=1500 repeat=19 sender_mps=12.16 observed_mps=12.38 sink_mps=10.33 sink_active_mps=12.38 sender_errors=0 sink_errors=0 node_cpu=0.59 total_cpu=4.19 mean_latency_ms=81.46 p50_latency_ms=82.01 p99_latency_ms=123.37

BENCHMARK_RESULT mode=request-reply clients=1 size=16384 rate=1500 repeat=20 sender_mps=12.17 observed_mps=12.38 sink_mps=10.33 sink_active_mps=12.38 sender_errors=0 sink_errors=0 node_cpu=0.59 total_cpu=4.18 mean_latency_ms=81.45 p50_latency_ms=82.00 p99_latency_ms=123.31

BENCHMARK_RESULT mode=request-reply clients=1 size=16384 rate=1500 repeat=21 sender_mps=12.17 observed_mps=12.38 sink_mps=10.33 sink_active_mps=12.38 sender_errors=0 sink_errors=0 node_cpu=0.78 total_cpu=4.38 mean_latency_ms=81.45 p50_latency_ms=82.01 p99_latency_ms=123.51

BENCHMARK_RESULT mode=request-reply clients=1 size=16384 rate=1500 repeat=22 sender_mps=12.17 observed_mps=12.38 sink_mps=10.33 sink_active_mps=12.38 sender_errors=0 sink_errors=0 node_cpu=0.59 total_cpu=4.17 mean_latency_ms=81.44 p50_latency_ms=82.00 p99_latency_ms=123.53

BENCHMARK_RESULT mode=request-reply clients=1 size=16384 rate=1500 repeat=23 sender_mps=12.16 observed_mps=12.37 sink_mps=10.33 sink_active_mps=12.37 sender_errors=0 sink_errors=0 node_cpu=0.59 total_cpu=4.19 mean_latency_ms=81.48 p50_latency_ms=82.00 p99_latency_ms=123.72

BENCHMARK_RESULT mode=request-reply clients=1 size=16384 rate=1500 repeat=24 sender_mps=12.17 observed_mps=12.38 sink_mps=10.33 sink_active_mps=12.38 sender_errors=0 sink_errors=0 node_cpu=0.39 total_cpu=3.92 mean_latency_ms=81.41 p50_latency_ms=82.00 p99_latency_ms=123.43

BENCHMARK_RESULT mode=request-reply clients=1 size=16384 rate=1500 repeat=25 sender_mps=12.17 observed_mps=12.38 sink_mps=10.33 sink_active_mps=12.38 sender_errors=0 sink_errors=0 node_cpu=0.78 total_cpu=4.39 mean_latency_ms=81.42 p50_latency_ms=82.01 p99_latency_ms=123.29

CAPACITY_SWEEP_STEP mode=request-reply clients=1 size=16384 phase=refine step=3 rate=1500 repeats=25 sender_mean_mps=12.17 observed_mean_mps=12.38 observed_gain_percent=0.01 node_cpu=0.62 total_cpu=4.20 total_errors=0 improved=false

BENCHMARK_RESULT mode=request-reply clients=1 size=16384 rate=1250 repeat=1 sender_mps=12.16 observed_mps=12.38 sink_mps=10.33 sink_active_mps=12.38 sender_errors=0 sink_errors=0 node_cpu=0.59 total_cpu=4.21 mean_latency_ms=81.45 p50_latency_ms=82.00 p99_latency_ms=123.30

BENCHMARK_RESULT mode=request-reply clients=1 size=16384 rate=1250 repeat=2 sender_mps=12.16 observed_mps=12.38 sink_mps=10.33 sink_active_mps=12.38 sender_errors=0 sink_errors=0 node_cpu=0.59 total_cpu=4.19 mean_latency_ms=81.48 p50_latency_ms=82.00 p99_latency_ms=124.49

BENCHMARK_RESULT mode=request-reply clients=1 size=16384 rate=1250 repeat=3 sender_mps=12.17 observed_mps=12.38 sink_mps=10.33 sink_active_mps=12.38 sender_errors=0 sink_errors=0 node_cpu=0.78 total_cpu=4.40 mean_latency_ms=81.41 p50_latency_ms=82.00 p99_latency_ms=123.50

BENCHMARK_RESULT mode=request-reply clients=1 size=16384 rate=1250 repeat=4 sender_mps=12.17 observed_mps=12.38 sink_mps=10.33 sink_active_mps=12.38 sender_errors=0 sink_errors=0 node_cpu=0.59 total_cpu=4.22 mean_latency_ms=81.43 p50_latency_ms=82.00 p99_latency_ms=123.28

BENCHMARK_RESULT mode=request-reply clients=1 size=16384 rate=1250 repeat=5 sender_mps=12.17 observed_mps=12.38 sink_mps=10.33 sink_active_mps=12.38 sender_errors=0 sink_errors=0 node_cpu=0.59 total_cpu=4.18 mean_latency_ms=81.43 p50_latency_ms=81.99 p99_latency_ms=123.34

BENCHMARK_RESULT mode=request-reply clients=1 size=16384 rate=1250 repeat=6 sender_mps=12.17 observed_mps=12.38 sink_mps=10.33 sink_active_mps=12.38 sender_errors=0 sink_errors=0 node_cpu=0.59 total_cpu=3.99 mean_latency_ms=81.43 p50_latency_ms=82.00 p99_latency_ms=123.55

BENCHMARK_RESULT mode=request-reply clients=1 size=16384 rate=1250 repeat=7 sender_mps=12.17 observed_mps=12.38 sink_mps=10.33 sink_active_mps=12.38 sender_errors=0 sink_errors=0 node_cpu=0.78 total_cpu=4.61 mean_latency_ms=81.45 p50_latency_ms=82.00 p99_latency_ms=123.37

BENCHMARK_RESULT mode=request-reply clients=1 size=16384 rate=1250 repeat=8 sender_mps=12.08 observed_mps=12.39 sink_mps=10.33 sink_active_mps=12.39 sender_errors=0 sink_errors=0 node_cpu=0.58 total_cpu=4.19 mean_latency_ms=81.41 p50_latency_ms=82.00 p99_latency_ms=123.36

BENCHMARK_RESULT mode=request-reply clients=1 size=16384 rate=1250 repeat=9 sender_mps=12.17 observed_mps=12.38 sink_mps=10.33 sink_active_mps=12.38 sender_errors=0 sink_errors=0 node_cpu=0.39 total_cpu=4.03 mean_latency_ms=81.45 p50_latency_ms=82.02 p99_latency_ms=123.14

BENCHMARK_RESULT mode=request-reply clients=1 size=16384 rate=1250 repeat=10 sender_mps=12.16 observed_mps=12.37 sink_mps=10.33 sink_active_mps=12.37 sender_errors=0 sink_errors=0 node_cpu=0.78 total_cpu=4.38 mean_latency_ms=81.48 p50_latency_ms=82.00 p99_latency_ms=123.27

BENCHMARK_RESULT mode=request-reply clients=1 size=16384 rate=1250 repeat=11 sender_mps=12.17 observed_mps=12.38 sink_mps=10.33 sink_active_mps=12.38 sender_errors=0 sink_errors=0 node_cpu=0.59 total_cpu=4.20 mean_latency_ms=81.44 p50_latency_ms=82.00 p99_latency_ms=123.53

BENCHMARK_RESULT mode=request-reply clients=1 size=16384 rate=1250 repeat=12 sender_mps=12.16 observed_mps=12.37 sink_mps=10.33 sink_active_mps=12.37 sender_errors=0 sink_errors=0 node_cpu=0.59 total_cpu=4.31 mean_latency_ms=81.49 p50_latency_ms=82.00 p99_latency_ms=124.46

BENCHMARK_RESULT mode=request-reply clients=1 size=16384 rate=1250 repeat=13 sender_mps=12.17 observed_mps=12.38 sink_mps=10.33 sink_active_mps=12.38 sender_errors=0 sink_errors=0 node_cpu=0.59 total_cpu=4.21 mean_latency_ms=81.42 p50_latency_ms=82.00 p99_latency_ms=123.58

BENCHMARK_RESULT mode=request-reply clients=1 size=16384 rate=1250 repeat=14 sender_mps=12.17 observed_mps=12.38 sink_mps=10.33 sink_active_mps=12.38 sender_errors=0 sink_errors=0 node_cpu=0.59 total_cpu=4.21 mean_latency_ms=81.44 p50_latency_ms=82.00 p99_latency_ms=123.47

BENCHMARK_RESULT mode=request-reply clients=1 size=16384 rate=1250 repeat=15 sender_mps=12.16 observed_mps=12.38 sink_mps=10.33 sink_active_mps=12.38 sender_errors=0 sink_errors=0 node_cpu=0.59 total_cpu=4.19 mean_latency_ms=81.46 p50_latency_ms=82.00 p99_latency_ms=123.48

BENCHMARK_RESULT mode=request-reply clients=1 size=16384 rate=1250 repeat=16 sender_mps=12.17 observed_mps=12.38 sink_mps=10.33 sink_active_mps=12.38 sender_errors=0 sink_errors=0 node_cpu=0.78 total_cpu=4.41 mean_latency_ms=81.44 p50_latency_ms=82.00 p99_latency_ms=123.29

BENCHMARK_RESULT mode=request-reply clients=1 size=16384 rate=1250 repeat=17 sender_mps=12.16 observed_mps=12.37 sink_mps=10.33 sink_active_mps=12.37 sender_errors=0 sink_errors=0 node_cpu=0.59 total_cpu=4.27 mean_latency_ms=81.49 p50_latency_ms=82.00 p99_latency_ms=123.51

BENCHMARK_RESULT mode=request-reply clients=1 size=16384 rate=1250 repeat=18 sender_mps=12.07 observed_mps=12.38 sink_mps=10.33 sink_active_mps=12.38 sender_errors=0 sink_errors=0 node_cpu=0.78 total_cpu=4.38 mean_latency_ms=81.44 p50_latency_ms=82.01 p99_latency_ms=123.45

BENCHMARK_RESULT mode=request-reply clients=1 size=16384 rate=1250 repeat=19 sender_mps=12.16 observed_mps=12.38 sink_mps=10.33 sink_active_mps=12.38 sender_errors=0 sink_errors=0 node_cpu=0.59 total_cpu=4.19 mean_latency_ms=81.48 p50_latency_ms=82.00 p99_latency_ms=123.37

BENCHMARK_RESULT mode=request-reply clients=1 size=16384 rate=1250 repeat=20 sender_mps=12.17 observed_mps=12.38 sink_mps=10.33 sink_active_mps=12.38 sender_errors=0 sink_errors=0 node_cpu=0.59 total_cpu=4.18 mean_latency_ms=81.43 p50_latency_ms=82.01 p99_latency_ms=123.48

BENCHMARK_RESULT mode=request-reply clients=1 size=16384 rate=1250 repeat=21 sender_mps=12.17 observed_mps=12.38 sink_mps=10.33 sink_active_mps=12.38 sender_errors=0 sink_errors=0 node_cpu=0.59 total_cpu=4.20 mean_latency_ms=81.43 p50_latency_ms=82.00 p99_latency_ms=123.44

BENCHMARK_RESULT mode=request-reply clients=1 size=16384 rate=1250 repeat=22 sender_mps=12.17 observed_mps=12.38 sink_mps=10.33 sink_active_mps=12.38 sender_errors=0 sink_errors=0 node_cpu=0.59 total_cpu=4.22 mean_latency_ms=81.45 p50_latency_ms=82.00 p99_latency_ms=123.55

BENCHMARK_RESULT mode=request-reply clients=1 size=16384 rate=1250 repeat=23 sender_mps=12.17 observed_mps=12.38 sink_mps=10.33 sink_active_mps=12.38 sender_errors=0 sink_errors=0 node_cpu=0.78 total_cpu=4.40 mean_latency_ms=81.43 p50_latency_ms=82.00 p99_latency_ms=123.31

BENCHMARK_RESULT mode=request-reply clients=1 size=16384 rate=1250 repeat=24 sender_mps=12.16 observed_mps=12.38 sink_mps=10.33 sink_active_mps=12.38 sender_errors=0 sink_errors=0 node_cpu=0.39 total_cpu=4.05 mean_latency_ms=81.46 p50_latency_ms=82.01 p99_latency_ms=123.22

BENCHMARK_RESULT mode=request-reply clients=1 size=16384 rate=1250 repeat=25 sender_mps=12.17 observed_mps=12.38 sink_mps=10.33 sink_active_mps=12.38 sender_errors=0 sink_errors=0 node_cpu=0.78 total_cpu=4.19 mean_latency_ms=81.45 p50_latency_ms=82.01 p99_latency_ms=123.33

CAPACITY_SWEEP_STEP mode=request-reply clients=1 size=16384 phase=refine step=4 rate=1250 repeats=25 sender_mean_mps=12.16 observed_mean_mps=12.38 observed_gain_percent=-0.01 node_cpu=0.63 total_cpu=4.24 total_errors=0 improved=false

CAPACITY_CASE_SUMMARY mode=request-reply clients=1 size=16384 best_offered_rate=1000 capacity_rate_lower=1000 capacity_rate_upper=1250 best_effective_throughput_mps=12.38 best_sender_completed_mps=12.17 best_node_cpu=0.59 best_total_cpu=4.15 steps=4 stop_reason="refinement narrowed the estimated capacity to offered rates 1000 through 1250"

[38;5;243m------------------------------[0m
[38;5;10m• [766.848 seconds][0m
[0mSLIM Benchmark Suite Matrix [38;5;10m[1mruns the repeated benchmark matrix and generates reports[0m [38;5;204m[benchmark-suite][0m
[38;5;243m/home/runner/work/csit/csit/benchmarks/agntcy-slim/tests/benchmark_suite_test.go:22[0m

  [38;5;243mReport Entries >>[0m
  [1mBenchmark Suite Summary[38;5;243m - /home/runner/work/csit/csit/benchmarks/agntcy-slim/tests/benchmark_suite_test.go:53 @ 07/03/26 12:33:43.135[0m
    /home/runner/work/csit/csit/benchmarks/agntcy-slim/reports/suite_summary.md
  [1mBenchmark Technical Report[38;5;243m - /home/runner/work/csit/csit/benchmarks/agntcy-slim/tests/benchmark_suite_test.go:54 @ 07/03/26 12:33:43.135[0m
    /home/runner/work/csit/csit/benchmarks/agntcy-slim/reports/technical_report.md
  [1mBenchmark Capacity Sweep Report[38;5;243m - /home/runner/work/csit/csit/benchmarks/agntcy-slim/tests/benchmark_suite_test.go:56 @ 07/03/26 12:33:43.135[0m
    /home/runner/work/csit/csit/benchmarks/agntcy-slim/reports/capacity_sweep.md
  [38;5;243m<< Report Entries[0m
[38;5;243m------------------------------[0m
[38;5;14mS[0m[38;5;14mS[0m

[38;5;10m[1mRan 1 of 8 Specs in 773.583 seconds[0m
[38;5;10m[1mSUCCESS![0m -- [38;5;10m[1m1 Passed[0m | [38;5;9m[1m0 Failed[0m | [38;5;11m[1m0 Pending[0m | [38;5;14m[1m7 Skipped[0m
--- PASS: TestTests (773.58s)
PASS
ok  	github.com/agntcy/csit/benchmarks/agntcy-slim/tests	773.589s
Using existing SLIM bindings in /home/runner/go/.cgo-cache/slim-bindings
/home/runner/go/.cgo-cache/slim-bindings/libslim_bindings_x86_64_linux_gnu.a
=== RUN   TestCapacitySweepImproved
--- PASS: TestCapacitySweepImproved (0.00s)
=== RUN   TestCapacitySweepRegressed
--- PASS: TestCapacitySweepRegressed (0.00s)
=== RUN   TestMidpointRate
--- PASS: TestMidpointRate (0.00s)
=== RUN   TestCanonicalBenchmarkMode
=== RUN   TestCanonicalBenchmarkMode/request_reply
=== RUN   TestCanonicalBenchmarkMode/fire_and_forget_uppercase
=== RUN   TestCanonicalBenchmarkMode/write
=== RUN   TestCanonicalBenchmarkMode/unsupported
--- PASS: TestCanonicalBenchmarkMode (0.00s)
    --- PASS: TestCanonicalBenchmarkMode/request_reply (0.00s)
    --- PASS: TestCanonicalBenchmarkMode/fire_and_forget_uppercase (0.00s)
    --- PASS: TestCanonicalBenchmarkMode/write (0.00s)
    --- PASS: TestCanonicalBenchmarkMode/unsupported (0.00s)
=== RUN   TestModeRateValues
--- PASS: TestModeRateValues (0.00s)
=== RUN   TestBenchmarkModeMetadata
--- PASS: TestBenchmarkModeMetadata (0.00s)
=== RUN   TestComputeSampleStatsEmpty
--- PASS: TestComputeSampleStatsEmpty (0.00s)
=== RUN   TestComputeSampleStatsSingleValue
--- PASS: TestComputeSampleStatsSingleValue (0.00s)
=== RUN   TestComputeSampleStatsSampleVariance
--- PASS: TestComputeSampleStatsSampleVariance (0.00s)
=== RUN   TestTests
Running Suite: Tests Suite - /home/runner/work/csit/csit/benchmarks/agntcy-slim/tests
=====================================================================================
Random Seed: [1m1783082023[0m

Will run [1m1[0m of [1m8[0m specs
[38;5;14mS[0m[38;5;14mS[0m[38;5;14mS[0m[38;5;14mS[0m[38;5;14mS[0m[38;5;14mS[0m[38;5;14mS[0m
BENCHMARK_RESULT mode=write clients=1 size=16384 rate=128000 repeat=1 sender_mps=6388.61 observed_mps=6388.61 sink_mps=0.00 sink_active_mps=0.00 sender_errors=0 sink_errors=0 node_cpu=43.76 total_cpu=186.51

BENCHMARK_RESULT mode=write clients=1 size=16384 rate=128000 repeat=2 sender_mps=5954.84 observed_mps=5954.84 sink_mps=0.00 sink_active_mps=0.00 sender_errors=0 sink_errors=0 node_cpu=39.22 total_cpu=169.15

BENCHMARK_RESULT mode=write clients=1 size=16384 rate=128000 repeat=3 sender_mps=6495.16 observed_mps=6495.16 sink_mps=0.00 sink_active_mps=0.00 sender_errors=0 sink_errors=0 node_cpu=44.51 total_cpu=187.53

BENCHMARK_RESULT mode=write clients=1 size=16384 rate=128000 repeat=4 sender_mps=6511.56 observed_mps=6511.56 sink_mps=0.00 sink_active_mps=0.00 sender_errors=0 sink_errors=0 node_cpu=44.91 total_cpu=188.28

BENCHMARK_RESULT mode=write clients=1 size=16384 rate=128000 repeat=5 sender_mps=6536.52 observed_mps=6536.52 sink_mps=0.00 sink_active_mps=0.00 sender_errors=0 sink_errors=0 node_cpu=44.92 total_cpu=188.89

BENCHMARK_RESULT mode=write clients=1 size=16384 rate=128000 repeat=6 sender_mps=6499.29 observed_mps=6499.29 sink_mps=0.00 sink_active_mps=0.00 sender_errors=0 sink_errors=0 node_cpu=44.49 total_cpu=187.21

BENCHMARK_RESULT mode=write clients=1 size=16384 rate=128000 repeat=7 sender_mps=6474.13 observed_mps=6474.13 sink_mps=0.00 sink_active_mps=0.00 sender_errors=0 sink_errors=0 node_cpu=44.53 total_cpu=187.28

BENCHMARK_RESULT mode=write clients=1 size=16384 rate=128000 repeat=8 sender_mps=6440.98 observed_mps=6440.98 sink_mps=0.00 sink_active_mps=0.00 sender_errors=0 sink_errors=0 node_cpu=44.17 total_cpu=186.41

BENCHMARK_RESULT mode=write clients=1 size=16384 rate=128000 repeat=9 sender_mps=6516.45 observed_mps=6516.45 sink_mps=0.00 sink_active_mps=0.00 sender_errors=0 sink_errors=0 node_cpu=45.10 total_cpu=188.11

BENCHMARK_RESULT mode=write clients=1 size=16384 rate=128000 repeat=10 sender_mps=6455.46 observed_mps=6455.46 sink_mps=0.00 sink_active_mps=0.00 sender_errors=0 sink_errors=0 node_cpu=44.37 total_cpu=186.34

BENCHMARK_RESULT mode=write clients=1 size=16384 rate=128000 repeat=11 sender_mps=6262.02 observed_mps=6262.02 sink_mps=0.00 sink_active_mps=0.00 sender_errors=0 sink_errors=0 node_cpu=42.12 total_cpu=178.81

BENCHMARK_RESULT mode=write clients=1 size=16384 rate=128000 repeat=12 sender_mps=6514.93 observed_mps=6514.93 sink_mps=0.00 sink_active_mps=0.00 sender_errors=0 sink_errors=0 node_cpu=44.91 total_cpu=188.04

BENCHMARK_RESULT mode=write clients=1 size=16384 rate=128000 repeat=13 sender_mps=6492.81 observed_mps=6492.81 sink_mps=0.00 sink_active_mps=0.00 sender_errors=0 sink_errors=0 node_cpu=44.89 total_cpu=188.24

BENCHMARK_RESULT mode=write clients=1 size=16384 rate=128000 repeat=14 sender_mps=6356.05 observed_mps=6356.05 sink_mps=0.00 sink_active_mps=0.00 sender_errors=0 sink_errors=0 node_cpu=43.93 total_cpu=186.70

BENCHMARK_RESULT mode=write clients=1 size=16384 rate=128000 repeat=15 sender_mps=6334.00 observed_mps=6334.00 sink_mps=0.00 sink_active_mps=0.00 sender_errors=0 sink_errors=0 node_cpu=43.66 total_cpu=184.99

BENCHMARK_RESULT mode=write clients=1 size=16384 rate=128000 repeat=16 sender_mps=6327.11 observed_mps=6327.11 sink_mps=0.00 sink_active_mps=0.00 sender_errors=0 sink_errors=0 node_cpu=43.74 total_cpu=184.42

BENCHMARK_RESULT mode=write clients=1 size=16384 rate=128000 repeat=17 sender_mps=6428.61 observed_mps=6428.61 sink_mps=0.00 sink_active_mps=0.00 sender_errors=0 sink_errors=0 node_cpu=43.90 total_cpu=185.81

BENCHMARK_RESULT mode=write clients=1 size=16384 rate=128000 repeat=18 sender_mps=6394.51 observed_mps=6394.51 sink_mps=0.00 sink_active_mps=0.00 sender_errors=0 sink_errors=0 node_cpu=44.14 total_cpu=184.89

BENCHMARK_RESULT mode=write clients=1 size=16384 rate=128000 repeat=19 sender_mps=6446.41 observed_mps=6446.41 sink_mps=0.00 sink_active_mps=0.00 sender_errors=0 sink_errors=0 node_cpu=43.92 total_cpu=186.28

BENCHMARK_RESULT mode=write clients=1 size=16384 rate=128000 repeat=20 sender_mps=6477.63 observed_mps=6477.63 sink_mps=0.00 sink_active_mps=0.00 sender_errors=0 sink_errors=0 node_cpu=44.29 total_cpu=186.13

BENCHMARK_RESULT mode=write clients=1 size=16384 rate=128000 repeat=21 sender_mps=6492.80 observed_mps=6492.80 sink_mps=0.00 sink_active_mps=0.00 sender_errors=0 sink_errors=0 node_cpu=44.49 total_cpu=187.16

BENCHMARK_RESULT mode=write clients=1 size=16384 rate=128000 repeat=22 sender_mps=6466.98 observed_mps=6466.98 sink_mps=0.00 sink_active_mps=0.00 sender_errors=0 sink_errors=0 node_cpu=44.47 total_cpu=186.22

BENCHMARK_RESULT mode=write clients=1 size=16384 rate=128000 repeat=23 sender_mps=6411.13 observed_mps=6411.13 sink_mps=0.00 sink_active_mps=0.00 sender_errors=0 sink_errors=0 node_cpu=43.95 total_cpu=185.25

BENCHMARK_RESULT mode=write clients=1 size=16384 rate=128000 repeat=24 sender_mps=6507.50 observed_mps=6507.50 sink_mps=0.00 sink_active_mps=0.00 sender_errors=0 sink_errors=0 node_cpu=44.52 total_cpu=187.34

BENCHMARK_RESULT mode=write clients=1 size=16384 rate=128000 repeat=25 sender_mps=6467.09 observed_mps=6467.09 sink_mps=0.00 sink_active_mps=0.00 sender_errors=0 sink_errors=0 node_cpu=44.28 total_cpu=186.23

MODE_SUMMARY mode=write runs=25 cases=1 sender_mean_mps=6426.10 observed_mean_mps=6426.10 node_cpu=44.05 total_cpu=185.69 total_errors=0

BENCHMARK_RESULT mode=write clients=1 size=16384 rate=128000 repeat=1 sender_mps=6448.12 observed_mps=6448.12 sink_mps=0.00 sink_active_mps=0.00 sender_errors=0 sink_errors=0 node_cpu=43.92 total_cpu=185.08

BENCHMARK_RESULT mode=write clients=1 size=16384 rate=128000 repeat=2 sender_mps=6423.97 observed_mps=6423.97 sink_mps=0.00 sink_active_mps=0.00 sender_errors=0 sink_errors=0 node_cpu=44.10 total_cpu=185.46

BENCHMARK_RESULT mode=write clients=1 size=16384 rate=128000 repeat=3 sender_mps=6475.39 observed_mps=6475.39 sink_mps=0.00 sink_active_mps=0.00 sender_errors=0 sink_errors=0 node_cpu=44.33 total_cpu=185.91

BENCHMARK_RESULT mode=write clients=1 size=16384 rate=128000 repeat=4 sender_mps=6454.95 observed_mps=6454.95 sink_mps=0.00 sink_active_mps=0.00 sender_errors=0 sink_errors=0 node_cpu=44.11 total_cpu=185.80

BENCHMARK_RESULT mode=write clients=1 size=16384 rate=128000 repeat=5 sender_mps=6384.16 observed_mps=6384.16 sink_mps=0.00 sink_active_mps=0.00 sender_errors=0 sink_errors=0 node_cpu=44.52 total_cpu=186.08

BENCHMARK_RESULT mode=write clients=1 size=16384 rate=128000 repeat=6 sender_mps=6439.38 observed_mps=6439.38 sink_mps=0.00 sink_active_mps=0.00 sender_errors=0 sink_errors=0 node_cpu=43.88 total_cpu=185.68

BENCHMARK_RESULT mode=write clients=1 size=16384 rate=128000 repeat=7 sender_mps=6485.20 observed_mps=6485.20 sink_mps=0.00 sink_active_mps=0.00 sender_errors=0 sink_errors=0 node_cpu=44.31 total_cpu=185.83

BENCHMARK_RESULT mode=write clients=1 size=16384 rate=128000 repeat=8 sender_mps=6357.46 observed_mps=6357.46 sink_mps=0.00 sink_active_mps=0.00 sender_errors=0 sink_errors=0 node_cpu=43.60 total_cpu=183.34

BENCHMARK_RESULT mode=write clients=1 size=16384 rate=128000 repeat=9 sender_mps=6464.78 observed_mps=6464.78 sink_mps=0.00 sink_active_mps=0.00 sender_errors=0 sink_errors=0 node_cpu=44.32 total_cpu=186.11

BENCHMARK_RESULT mode=write clients=1 size=16384 rate=128000 repeat=10 sender_mps=6462.23 observed_mps=6462.23 sink_mps=0.00 sink_active_mps=0.00 sender_errors=0 sink_errors=0 node_cpu=44.32 total_cpu=186.00

BENCHMARK_RESULT mode=write clients=1 size=16384 rate=128000 repeat=11 sender_mps=6432.63 observed_mps=6432.63 sink_mps=0.00 sink_active_mps=0.00 sender_errors=0 sink_errors=0 node_cpu=43.75 total_cpu=184.95

BENCHMARK_RESULT mode=write clients=1 size=16384 rate=128000 repeat=12 sender_mps=6513.85 observed_mps=6513.85 sink_mps=0.00 sink_active_mps=0.00 sender_errors=0 sink_errors=0 node_cpu=44.70 total_cpu=187.20

BENCHMARK_RESULT mode=write clients=1 size=16384 rate=128000 repeat=13 sender_mps=6486.46 observed_mps=6486.46 sink_mps=0.00 sink_active_mps=0.00 sender_errors=0 sink_errors=0 node_cpu=44.49 total_cpu=186.82

BENCHMARK_RESULT mode=write clients=1 size=16384 rate=128000 repeat=14 sender_mps=6487.50 observed_mps=6487.50 sink_mps=0.00 sink_active_mps=0.00 sender_errors=0 sink_errors=0 node_cpu=44.31 total_cpu=187.05

BENCHMARK_RESULT mode=write clients=1 size=16384 rate=128000 repeat=15 sender_mps=6524.59 observed_mps=6524.59 sink_mps=0.00 sink_active_mps=0.00 sender_errors=0 sink_errors=0 node_cpu=45.08 total_cpu=188.15

BENCHMARK_RESULT mode=write clients=1 size=16384 rate=128000 repeat=16 sender_mps=6536.70 observed_mps=6536.70 sink_mps=0.00 sink_active_mps=0.00 sender_errors=0 sink_errors=0 node_cpu=44.70 total_cpu=187.93

BENCHMARK_RESULT mode=write clients=1 size=16384 rate=128000 repeat=17 sender_mps=6532.15 observed_mps=6532.15 sink_mps=0.00 sink_active_mps=0.00 sender_errors=0 sink_errors=0 node_cpu=44.72 total_cpu=188.15

BENCHMARK_RESULT mode=write clients=1 size=16384 rate=128000 repeat=18 sender_mps=6471.37 observed_mps=6471.37 sink_mps=0.00 sink_active_mps=0.00 sender_errors=0 sink_errors=0 node_cpu=44.50 total_cpu=187.50

BENCHMARK_RESULT mode=write clients=1 size=16384 rate=128000 repeat=19 sender_mps=6510.69 observed_mps=6510.69 sink_mps=0.00 sink_active_mps=0.00 sender_errors=0 sink_errors=0 node_cpu=44.69 total_cpu=187.60

BENCHMARK_RESULT mode=write clients=1 size=16384 rate=128000 repeat=20 sender_mps=6495.34 observed_mps=6495.34 sink_mps=0.00 sink_active_mps=0.00 sender_errors=0 sink_errors=0 node_cpu=44.70 total_cpu=187.69

BENCHMARK_RESULT mode=write clients=1 size=16384 rate=128000 repeat=21 sender_mps=6436.64 observed_mps=6436.64 sink_mps=0.00 sink_active_mps=0.00 sender_errors=0 sink_errors=0 node_cpu=44.12 total_cpu=186.21

BENCHMARK_RESULT mode=write clients=1 size=16384 rate=128000 repeat=22 sender_mps=6460.28 observed_mps=6460.28 sink_mps=0.00 sink_active_mps=0.00 sender_errors=0 sink_errors=0 node_cpu=44.32 total_cpu=186.54

BENCHMARK_RESULT mode=write clients=1 size=16384 rate=128000 repeat=23 sender_mps=6426.70 observed_mps=6426.70 sink_mps=0.00 sink_active_mps=0.00 sender_errors=0 sink_errors=0 node_cpu=44.12 total_cpu=186.09

BENCHMARK_RESULT mode=write clients=1 size=16384 rate=128000 repeat=24 sender_mps=6510.31 observed_mps=6510.31 sink_mps=0.00 sink_active_mps=0.00 sender_errors=0 sink_errors=0 node_cpu=44.68 total_cpu=188.24

BENCHMARK_RESULT mode=write clients=1 size=16384 rate=128000 repeat=25 sender_mps=6480.28 observed_mps=6480.28 sink_mps=0.00 sink_active_mps=0.00 sender_errors=0 sink_errors=0 node_cpu=44.53 total_cpu=186.93

CAPACITY_SWEEP_STEP mode=write clients=1 size=16384 phase=coarse step=1 rate=128000 repeats=25 sender_mean_mps=6468.05 observed_mean_mps=6468.05 observed_gain_percent=0.00 node_cpu=44.35 total_cpu=186.49 total_errors=0 improved=true

BENCHMARK_RESULT mode=write clients=1 size=16384 rate=144000 repeat=1 sender_mps=6488.69 observed_mps=6488.69 sink_mps=0.00 sink_active_mps=0.00 sender_errors=0 sink_errors=0 node_cpu=44.70 total_cpu=187.09

BENCHMARK_RESULT mode=write clients=1 size=16384 rate=144000 repeat=2 sender_mps=6343.76 observed_mps=6343.76 sink_mps=0.00 sink_active_mps=0.00 sender_errors=0 sink_errors=0 node_cpu=43.18 total_cpu=182.76

BENCHMARK_RESULT mode=write clients=1 size=16384 rate=144000 repeat=3 sender_mps=6399.53 observed_mps=6399.53 sink_mps=0.00 sink_active_mps=0.00 sender_errors=0 sink_errors=0 node_cpu=44.14 total_cpu=185.55

BENCHMARK_RESULT mode=write clients=1 size=16384 rate=144000 repeat=4 sender_mps=6406.61 observed_mps=6406.61 sink_mps=0.00 sink_active_mps=0.00 sender_errors=0 sink_errors=0 node_cpu=44.14 total_cpu=185.49

BENCHMARK_RESULT mode=write clients=1 size=16384 rate=144000 repeat=5 sender_mps=6388.04 observed_mps=6388.04 sink_mps=0.00 sink_active_mps=0.00 sender_errors=0 sink_errors=0 node_cpu=43.95 total_cpu=184.90

BENCHMARK_RESULT mode=write clients=1 size=16384 rate=144000 repeat=6 sender_mps=6400.85 observed_mps=6400.85 sink_mps=0.00 sink_active_mps=0.00 sender_errors=0 sink_errors=0 node_cpu=43.89 total_cpu=185.42

BENCHMARK_RESULT mode=write clients=1 size=16384 rate=144000 repeat=7 sender_mps=6408.46 observed_mps=6408.46 sink_mps=0.00 sink_active_mps=0.00 sender_errors=0 sink_errors=0 node_cpu=43.78 total_cpu=184.25

BENCHMARK_RESULT mode=write clients=1 size=16384 rate=144000 repeat=8 sender_mps=6506.52 observed_mps=6506.52 sink_mps=0.00 sink_active_mps=0.00 sender_errors=0 sink_errors=0 node_cpu=44.49 total_cpu=187.59

BENCHMARK_RESULT mode=write clients=1 size=16384 rate=144000 repeat=9 sender_mps=6464.22 observed_mps=6464.22 sink_mps=0.00 sink_active_mps=0.00 sender_errors=0 sink_errors=0 node_cpu=44.50 total_cpu=186.15

BENCHMARK_RESULT mode=write clients=1 size=16384 rate=144000 repeat=10 sender_mps=6380.53 observed_mps=6380.53 sink_mps=0.00 sink_active_mps=0.00 sender_errors=0 sink_errors=0 node_cpu=43.89 total_cpu=184.49

BENCHMARK_RESULT mode=write clients=1 size=16384 rate=144000 repeat=11 sender_mps=6442.35 observed_mps=6442.35 sink_mps=0.00 sink_active_mps=0.00 sender_errors=0 sink_errors=0 node_cpu=43.92 total_cpu=185.16

BENCHMARK_RESULT mode=write clients=1 size=16384 rate=144000 repeat=12 sender_mps=6449.06 observed_mps=6449.06 sink_mps=0.00 sink_active_mps=0.00 sender_errors=0 sink_errors=0 node_cpu=43.71 total_cpu=184.88

BENCHMARK_RESULT mode=write clients=1 size=16384 rate=144000 repeat=13 sender_mps=6422.45 observed_mps=6422.45 sink_mps=0.00 sink_active_mps=0.00 sender_errors=0 sink_errors=0 node_cpu=43.74 total_cpu=183.80

BENCHMARK_RESULT mode=write clients=1 size=16384 rate=144000 repeat=14 sender_mps=6475.28 observed_mps=6475.28 sink_mps=0.00 sink_active_mps=0.00 sender_errors=0 sink_errors=0 node_cpu=44.33 total_cpu=185.83

BENCHMARK_RESULT mode=write clients=1 size=16384 rate=144000 repeat=15 sender_mps=6433.22 observed_mps=6433.22 sink_mps=0.00 sink_active_mps=0.00 sender_errors=0 sink_errors=0 node_cpu=43.77 total_cpu=184.22

BENCHMARK_RESULT mode=write clients=1 size=16384 rate=144000 repeat=16 sender_mps=6380.30 observed_mps=6380.30 sink_mps=0.00 sink_active_mps=0.00 sender_errors=0 sink_errors=0 node_cpu=43.75 total_cpu=184.31

BENCHMARK_RESULT mode=write clients=1 size=16384 rate=144000 repeat=17 sender_mps=6471.44 observed_mps=6471.44 sink_mps=0.00 sink_active_mps=0.00 sender_errors=0 sink_errors=0 node_cpu=43.90 total_cpu=185.58

BENCHMARK_RESULT mode=write clients=1 size=16384 rate=144000 repeat=18 sender_mps=6476.20 observed_mps=6476.20 sink_mps=0.00 sink_active_mps=0.00 sender_errors=0 sink_errors=0 node_cpu=44.32 total_cpu=186.21

BENCHMARK_RESULT mode=write clients=1 size=16384 rate=144000 repeat=19 sender_mps=6473.24 observed_mps=6473.24 sink_mps=0.00 sink_active_mps=0.00 sender_errors=0 sink_errors=0 node_cpu=44.30 total_cpu=186.18

BENCHMARK_RESULT mode=write clients=1 size=16384 rate=144000 repeat=20 sender_mps=6468.99 observed_mps=6468.99 sink_mps=0.00 sink_active_mps=0.00 sender_errors=0 sink_errors=0 node_cpu=44.31 total_cpu=186.08

BENCHMARK_RESULT mode=write clients=1 size=16384 rate=144000 repeat=21 sender_mps=6492.91 observed_mps=6492.91 sink_mps=0.00 sink_active_mps=0.00 sender_errors=0 sink_errors=0 node_cpu=44.10 total_cpu=186.69

BENCHMARK_RESULT mode=write clients=1 size=16384 rate=144000 repeat=22 sender_mps=6465.88 observed_mps=6465.88 sink_mps=0.00 sink_active_mps=0.00 sender_errors=0 sink_errors=0 node_cpu=44.31 total_cpu=186.17

BENCHMARK_RESULT mode=write clients=1 size=16384 rate=144000 repeat=23 sender_mps=6457.30 observed_mps=6457.30 sink_mps=0.00 sink_active_mps=0.00 sender_errors=0 sink_errors=0 node_cpu=44.50 total_cpu=186.61

BENCHMARK_RESULT mode=write clients=1 size=16384 rate=144000 repeat=24 sender_mps=6452.64 observed_mps=6452.64 sink_mps=0.00 sink_active_mps=0.00 sender_errors=0 sink_errors=0 node_cpu=44.29 total_cpu=186.35

BENCHMARK_RESULT mode=write clients=1 size=16384 rate=144000 repeat=25 sender_mps=6502.58 observed_mps=6502.58 sink_mps=0.00 sink_active_mps=0.00 sender_errors=0 sink_errors=0 node_cpu=44.32 total_cpu=186.38

CAPACITY_SWEEP_STEP mode=write clients=1 size=16384 phase=coarse step=2 rate=144000 repeats=25 sender_mean_mps=6442.04 observed_mean_mps=6442.04 observed_gain_percent=-0.40 node_cpu=44.09 total_cpu=185.53 total_errors=0 improved=false

BENCHMARK_RESULT mode=write clients=1 size=16384 rate=162000 repeat=1 sender_mps=6398.27 observed_mps=6398.27 sink_mps=0.00 sink_active_mps=0.00 sender_errors=0 sink_errors=0 node_cpu=43.97 total_cpu=185.05

BENCHMARK_RESULT mode=write clients=1 size=16384 rate=162000 repeat=2 sender_mps=6471.24 observed_mps=6471.24 sink_mps=0.00 sink_active_mps=0.00 sender_errors=0 sink_errors=0 node_cpu=44.50 total_cpu=187.13

BENCHMARK_RESULT mode=write clients=1 size=16384 rate=162000 repeat=3 sender_mps=6465.16 observed_mps=6465.16 sink_mps=0.00 sink_active_mps=0.00 sender_errors=0 sink_errors=0 node_cpu=44.48 total_cpu=187.24

BENCHMARK_RESULT mode=write clients=1 size=16384 rate=162000 repeat=4 sender_mps=6415.95 observed_mps=6415.95 sink_mps=0.00 sink_active_mps=0.00 sender_errors=0 sink_errors=0 node_cpu=44.14 total_cpu=185.73

BENCHMARK_RESULT mode=write clients=1 size=16384 rate=162000 repeat=5 sender_mps=6505.10 observed_mps=6505.10 sink_mps=0.00 sink_active_mps=0.00 sender_errors=0 sink_errors=0 node_cpu=44.72 total_cpu=187.98

BENCHMARK_RESULT mode=write clients=1 size=16384 rate=162000 repeat=6 sender_mps=6472.34 observed_mps=6472.34 sink_mps=0.00 sink_active_mps=0.00 sender_errors=0 sink_errors=0 node_cpu=44.73 total_cpu=187.34

BENCHMARK_RESULT mode=write clients=1 size=16384 rate=162000 repeat=7 sender_mps=6428.16 observed_mps=6428.16 sink_mps=0.00 sink_active_mps=0.00 sender_errors=0 sink_errors=0 node_cpu=44.70 total_cpu=187.66

BENCHMARK_RESULT mode=write clients=1 size=16384 rate=162000 repeat=8 sender_mps=6465.74 observed_mps=6465.74 sink_mps=0.00 sink_active_mps=0.00 sender_errors=0 sink_errors=0 node_cpu=44.50 total_cpu=187.72

BENCHMARK_RESULT mode=write clients=1 size=16384 rate=162000 repeat=9 sender_mps=6491.15 observed_mps=6491.15 sink_mps=0.00 sink_active_mps=0.00 sender_errors=0 sink_errors=0 node_cpu=44.91 total_cpu=187.91

BENCHMARK_RESULT mode=write clients=1 size=16384 rate=162000 repeat=10 sender_mps=6478.61 observed_mps=6478.61 sink_mps=0.00 sink_active_mps=0.00 sender_errors=0 sink_errors=0 node_cpu=44.55 total_cpu=187.22

BENCHMARK_RESULT mode=write clients=1 size=16384 rate=162000 repeat=11 sender_mps=6513.33 observed_mps=6513.33 sink_mps=0.00 sink_active_mps=0.00 sender_errors=0 sink_errors=0 node_cpu=44.70 total_cpu=187.72

BENCHMARK_RESULT mode=write clients=1 size=16384 rate=162000 repeat=12 sender_mps=6498.70 observed_mps=6498.70 sink_mps=0.00 sink_active_mps=0.00 sender_errors=0 sink_errors=0 node_cpu=44.72 total_cpu=187.62

BENCHMARK_RESULT mode=write clients=1 size=16384 rate=162000 repeat=13 sender_mps=6478.60 observed_mps=6478.60 sink_mps=0.00 sink_active_mps=0.00 sender_errors=0 sink_errors=0 node_cpu=44.70 total_cpu=187.92

BENCHMARK_RESULT mode=write clients=1 size=16384 rate=162000 repeat=14 sender_mps=6474.11 observed_mps=6474.11 sink_mps=0.00 sink_active_mps=0.00 sender_errors=0 sink_errors=0 node_cpu=44.69 total_cpu=187.82

BENCHMARK_RESULT mode=write clients=1 size=16384 rate=162000 repeat=15 sender_mps=6431.94 observed_mps=6431.94 sink_mps=0.00 sink_active_mps=0.00 sender_errors=0 sink_errors=0 node_cpu=44.29 total_cpu=186.26

BENCHMARK_RESULT mode=write clients=1 size=16384 rate=162000 repeat=16 sender_mps=6491.86 observed_mps=6491.86 sink_mps=0.00 sink_active_mps=0.00 sender_errors=0 sink_errors=0 node_cpu=44.51 total_cpu=187.81

BENCHMARK_RESULT mode=write clients=1 size=16384 rate=162000 repeat=17 sender_mps=6440.88 observed_mps=6440.88 sink_mps=0.00 sink_active_mps=0.00 sender_errors=0 sink_errors=0 node_cpu=44.36 total_cpu=185.46

BENCHMARK_RESULT mode=write clients=1 size=16384 rate=162000 repeat=18 sender_mps=6493.00 observed_mps=6493.00 sink_mps=0.00 sink_active_mps=0.00 sender_errors=0 sink_errors=0 node_cpu=44.50 total_cpu=186.70

BENCHMARK_RESULT mode=write clients=1 size=16384 rate=162000 repeat=19 sender_mps=6454.11 observed_mps=6454.11 sink_mps=0.00 sink_active_mps=0.00 sender_errors=0 sink_errors=0 node_cpu=44.15 total_cpu=185.71

BENCHMARK_RESULT mode=write clients=1 size=16384 rate=162000 repeat=20 sender_mps=6495.84 observed_mps=6495.84 sink_mps=0.00 sink_active_mps=0.00 sender_errors=0 sink_errors=0 node_cpu=44.53 total_cpu=187.36

BENCHMARK_RESULT mode=write clients=1 size=16384 rate=162000 repeat=21 sender_mps=6482.32 observed_mps=6482.32 sink_mps=0.00 sink_active_mps=0.00 sender_errors=0 sink_errors=0 node_cpu=44.52 total_cpu=186.61

BENCHMARK_RESULT mode=write clients=1 size=16384 rate=162000 repeat=22 sender_mps=6471.05 observed_mps=6471.05 sink_mps=0.00 sink_active_mps=0.00 sender_errors=0 sink_errors=0 node_cpu=44.33 total_cpu=186.57

BENCHMARK_RESULT mode=write clients=1 size=16384 rate=162000 repeat=23 sender_mps=6476.28 observed_mps=6476.28 sink_mps=0.00 sink_active_mps=0.00 sender_errors=0 sink_errors=0 node_cpu=44.73 total_cpu=187.24

BENCHMARK_RESULT mode=write clients=1 size=16384 rate=162000 repeat=24 sender_mps=6411.85 observed_mps=6411.85 sink_mps=0.00 sink_active_mps=0.00 sender_errors=0 sink_errors=0 node_cpu=43.92 total_cpu=185.78

BENCHMARK_RESULT mode=write clients=1 size=16384 rate=162000 repeat=25 sender_mps=6444.89 observed_mps=6444.89 sink_mps=0.00 sink_active_mps=0.00 sender_errors=0 sink_errors=0 node_cpu=44.31 total_cpu=186.69

CAPACITY_SWEEP_STEP mode=write clients=1 size=16384 phase=coarse step=3 rate=162000 repeats=25 sender_mean_mps=6466.02 observed_mean_mps=6466.02 observed_gain_percent=-0.03 node_cpu=44.49 total_cpu=186.97 total_errors=0 improved=false

BENCHMARK_RESULT mode=write clients=1 size=16384 rate=145000 repeat=1 sender_mps=6519.54 observed_mps=6519.54 sink_mps=0.00 sink_active_mps=0.00 sender_errors=0 sink_errors=0 node_cpu=44.91 total_cpu=187.86

BENCHMARK_RESULT mode=write clients=1 size=16384 rate=145000 repeat=2 sender_mps=6462.18 observed_mps=6462.18 sink_mps=0.00 sink_active_mps=0.00 sender_errors=0 sink_errors=0 node_cpu=44.10 total_cpu=186.38

BENCHMARK_RESULT mode=write clients=1 size=16384 rate=145000 repeat=3 sender_mps=6452.99 observed_mps=6452.99 sink_mps=0.00 sink_active_mps=0.00 sender_errors=0 sink_errors=0 node_cpu=44.17 total_cpu=186.04

BENCHMARK_RESULT mode=write clients=1 size=16384 rate=145000 repeat=4 sender_mps=6508.30 observed_mps=6508.30 sink_mps=0.00 sink_active_mps=0.00 sender_errors=0 sink_errors=0 node_cpu=44.70 total_cpu=187.76

BENCHMARK_RESULT mode=write clients=1 size=16384 rate=145000 repeat=5 sender_mps=6504.11 observed_mps=6504.11 sink_mps=0.00 sink_active_mps=0.00 sender_errors=0 sink_errors=0 node_cpu=44.71 total_cpu=187.64

BENCHMARK_RESULT mode=write clients=1 size=16384 rate=145000 repeat=6 sender_mps=6464.71 observed_mps=6464.71 sink_mps=0.00 sink_active_mps=0.00 sender_errors=0 sink_errors=0 node_cpu=44.67 total_cpu=187.38

BENCHMARK_RESULT mode=write clients=1 size=16384 rate=145000 repeat=7 sender_mps=6482.15 observed_mps=6482.15 sink_mps=0.00 sink_active_mps=0.00 sender_errors=0 sink_errors=0 node_cpu=44.70 total_cpu=187.92

BENCHMARK_RESULT mode=write clients=1 size=16384 rate=145000 repeat=8 sender_mps=6512.56 observed_mps=6512.56 sink_mps=0.00 sink_active_mps=0.00 sender_errors=0 sink_errors=0 node_cpu=44.48 total_cpu=187.56

BENCHMARK_RESULT mode=write clients=1 size=16384 rate=145000 repeat=9 sender_mps=6462.59 observed_mps=6462.59 sink_mps=0.00 sink_active_mps=0.00 sender_errors=0 sink_errors=0 node_cpu=44.55 total_cpu=186.88

BENCHMARK_RESULT mode=write clients=1 size=16384 rate=145000 repeat=10 sender_mps=6501.80 observed_mps=6501.80 sink_mps=0.00 sink_active_mps=0.00 sender_errors=0 sink_errors=0 node_cpu=44.71 total_cpu=187.69

BENCHMARK_RESULT mode=write clients=1 size=16384 rate=145000 repeat=11 sender_mps=6455.92 observed_mps=6455.92 sink_mps=0.00 sink_active_mps=0.00 sender_errors=0 sink_errors=0 node_cpu=44.35 total_cpu=186.34

BENCHMARK_RESULT mode=write clients=1 size=16384 rate=145000 repeat=12 sender_mps=6501.86 observed_mps=6501.86 sink_mps=0.00 sink_active_mps=0.00 sender_errors=0 sink_errors=0 node_cpu=44.72 total_cpu=187.76

BENCHMARK_RESULT mode=write clients=1 size=16384 rate=145000 repeat=13 sender_mps=6477.67 observed_mps=6477.67 sink_mps=0.00 sink_active_mps=0.00 sender_errors=0 sink_errors=0 node_cpu=44.55 total_cpu=186.77

BENCHMARK_RESULT mode=write clients=1 size=16384 rate=145000 repeat=14 sender_mps=6537.57 observed_mps=6537.57 sink_mps=0.00 sink_active_mps=0.00 sender_errors=0 sink_errors=0 node_cpu=44.47 total_cpu=188.23

BENCHMARK_RESULT mode=write clients=1 size=16384 rate=145000 repeat=15 sender_mps=6478.28 observed_mps=6478.28 sink_mps=0.00 sink_active_mps=0.00 sender_errors=0 sink_errors=0 node_cpu=45.09 total_cpu=187.65

BENCHMARK_RESULT mode=write clients=1 size=16384 rate=145000 repeat=16 sender_mps=6487.21 observed_mps=6487.21 sink_mps=0.00 sink_active_mps=0.00 sender_errors=0 sink_errors=0 node_cpu=44.70 total_cpu=187.92

BENCHMARK_RESULT mode=write clients=1 size=16384 rate=145000 repeat=17 sender_mps=6436.98 observed_mps=6436.98 sink_mps=0.00 sink_active_mps=0.00 sender_errors=0 sink_errors=0 node_cpu=44.15 total_cpu=186.05

BENCHMARK_RESULT mode=write clients=1 size=16384 rate=145000 repeat=18 sender_mps=6445.50 observed_mps=6445.50 sink_mps=0.00 sink_active_mps=0.00 sender_errors=0 sink_errors=0 node_cpu=44.49 total_cpu=186.79

BENCHMARK_RESULT mode=write clients=1 size=16384 rate=145000 repeat=19 sender_mps=6524.45 observed_mps=6524.45 sink_mps=0.00 sink_active_mps=0.00 sender_errors=0 sink_errors=0 node_cpu=44.69 total_cpu=188.00

BENCHMARK_RESULT mode=write clients=1 size=16384 rate=145000 repeat=20 sender_mps=6466.04 observed_mps=6466.04 sink_mps=0.00 sink_active_mps=0.00 sender_errors=0 sink_errors=0 node_cpu=44.71 total_cpu=187.33

BENCHMARK_RESULT mode=write clients=1 size=16384 rate=145000 repeat=21 sender_mps=6408.38 observed_mps=6408.38 sink_mps=0.00 sink_active_mps=0.00 sender_errors=0 sink_errors=0 node_cpu=44.30 total_cpu=187.16

BENCHMARK_RESULT mode=write clients=1 size=16384 rate=145000 repeat=22 sender_mps=6427.19 observed_mps=6427.19 sink_mps=0.00 sink_active_mps=0.00 sender_errors=0 sink_errors=0 node_cpu=44.48 total_cpu=187.62

BENCHMARK_RESULT mode=write clients=1 size=16384 rate=145000 repeat=23 sender_mps=6281.11 observed_mps=6281.11 sink_mps=0.00 sink_active_mps=0.00 sender_errors=0 sink_errors=0 node_cpu=43.34 total_cpu=183.07

BENCHMARK_RESULT mode=write clients=1 size=16384 rate=145000 repeat=24 sender_mps=6429.37 observed_mps=6429.37 sink_mps=0.00 sink_active_mps=0.00 sender_errors=0 sink_errors=0 node_cpu=44.09 total_cpu=185.43

BENCHMARK_RESULT mode=write clients=1 size=16384 rate=145000 repeat=25 sender_mps=6442.45 observed_mps=6442.45 sink_mps=0.00 sink_active_mps=0.00 sender_errors=0 sink_errors=0 node_cpu=44.13 total_cpu=186.07

CAPACITY_SWEEP_STEP mode=write clients=1 size=16384 phase=refine step=4 rate=145000 repeats=25 sender_mean_mps=6466.84 observed_mean_mps=6466.84 observed_gain_percent=-0.02 node_cpu=44.48 total_cpu=187.01 total_errors=0 improved=false

BENCHMARK_RESULT mode=write clients=1 size=16384 rate=136500 repeat=1 sender_mps=6435.90 observed_mps=6435.90 sink_mps=0.00 sink_active_mps=0.00 sender_errors=0 sink_errors=0 node_cpu=44.10 total_cpu=185.73

BENCHMARK_RESULT mode=write clients=1 size=16384 rate=136500 repeat=2 sender_mps=6424.98 observed_mps=6424.98 sink_mps=0.00 sink_active_mps=0.00 sender_errors=0 sink_errors=0 node_cpu=44.29 total_cpu=185.68

BENCHMARK_RESULT mode=write clients=1 size=16384 rate=136500 repeat=3 sender_mps=6325.97 observed_mps=6325.97 sink_mps=0.00 sink_active_mps=0.00 sender_errors=0 sink_errors=0 node_cpu=43.22 total_cpu=182.56

BENCHMARK_RESULT mode=write clients=1 size=16384 rate=136500 repeat=4 sender_mps=6402.22 observed_mps=6402.22 sink_mps=0.00 sink_active_mps=0.00 sender_errors=0 sink_errors=0 node_cpu=43.76 total_cpu=184.49

BENCHMARK_RESULT mode=write clients=1 size=16384 rate=136500 repeat=5 sender_mps=6473.43 observed_mps=6473.43 sink_mps=0.00 sink_active_mps=0.00 sender_errors=0 sink_errors=0 node_cpu=44.49 total_cpu=186.67

BENCHMARK_RESULT mode=write clients=1 size=16384 rate=136500 repeat=6 sender_mps=6483.68 observed_mps=6483.68 sink_mps=0.00 sink_active_mps=0.00 sender_errors=0 sink_errors=0 node_cpu=44.33 total_cpu=186.72

BENCHMARK_RESULT mode=write clients=1 size=16384 rate=136500 repeat=7 sender_mps=6485.40 observed_mps=6485.40 sink_mps=0.00 sink_active_mps=0.00 sender_errors=0 sink_errors=0 node_cpu=44.51 total_cpu=186.81

BENCHMARK_RESULT mode=write clients=1 size=16384 rate=136500 repeat=8 sender_mps=6512.20 observed_mps=6512.20 sink_mps=0.00 sink_active_mps=0.00 sender_errors=0 sink_errors=0 node_cpu=44.90 total_cpu=187.90

BENCHMARK_RESULT mode=write clients=1 size=16384 rate=136500 repeat=9 sender_mps=6463.90 observed_mps=6463.90 sink_mps=0.00 sink_active_mps=0.00 sender_errors=0 sink_errors=0 node_cpu=44.90 total_cpu=187.76

BENCHMARK_RESULT mode=write clients=1 size=16384 rate=136500 repeat=10 sender_mps=6499.52 observed_mps=6499.52 sink_mps=0.00 sink_active_mps=0.00 sender_errors=0 sink_errors=0 node_cpu=44.33 total_cpu=187.13

BENCHMARK_RESULT mode=write clients=1 size=16384 rate=136500 repeat=11 sender_mps=6392.48 observed_mps=6392.48 sink_mps=0.00 sink_active_mps=0.00 sender_errors=0 sink_errors=0 node_cpu=44.15 total_cpu=185.63

BENCHMARK_RESULT mode=write clients=1 size=16384 rate=136500 repeat=12 sender_mps=6514.51 observed_mps=6514.51 sink_mps=0.00 sink_active_mps=0.00 sender_errors=0 sink_errors=0 node_cpu=44.72 total_cpu=187.63

BENCHMARK_RESULT mode=write clients=1 size=16384 rate=136500 repeat=13 sender_mps=6517.18 observed_mps=6517.18 sink_mps=0.00 sink_active_mps=0.00 sender_errors=0 sink_errors=0 node_cpu=44.72 total_cpu=188.00

BENCHMARK_RESULT mode=write clients=1 size=16384 rate=136500 repeat=14 sender_mps=6498.74 observed_mps=6498.74 sink_mps=0.00 sink_active_mps=0.00 sender_errors=0 sink_errors=0 node_cpu=44.88 total_cpu=187.77

BENCHMARK_RESULT mode=write clients=1 size=16384 rate=136500 repeat=15 sender_mps=6522.26 observed_mps=6522.26 sink_mps=0.00 sink_active_mps=0.00 sender_errors=0 sink_errors=0 node_cpu=45.11 total_cpu=188.40

BENCHMARK_RESULT mode=write clients=1 size=16384 rate=136500 repeat=16 sender_mps=6503.27 observed_mps=6503.27 sink_mps=0.00 sink_active_mps=0.00 sender_errors=0 sink_errors=0 node_cpu=45.13 total_cpu=188.22

BENCHMARK_RESULT mode=write clients=1 size=16384 rate=136500 repeat=17 sender_mps=6494.29 observed_mps=6494.29 sink_mps=0.00 sink_active_mps=0.00 sender_errors=0 sink_errors=0 node_cpu=44.70 total_cpu=188.10

BENCHMARK_RESULT mode=write clients=1 size=16384 rate=136500 repeat=18 sender_mps=6525.02 observed_mps=6525.02 sink_mps=0.00 sink_active_mps=0.00 sender_errors=0 sink_errors=0 node_cpu=44.91 total_cpu=188.32

BENCHMARK_RESULT mode=write clients=1 size=16384 rate=136500 repeat=19 sender_mps=6479.04 observed_mps=6479.04 sink_mps=0.00 sink_active_mps=0.00 sender_errors=0 sink_errors=0 node_cpu=44.35 total_cpu=186.38

BENCHMARK_RESULT mode=write clients=1 size=16384 rate=136500 repeat=20 sender_mps=6536.09 observed_mps=6536.09 sink_mps=0.00 sink_active_mps=0.00 sender_errors=0 sink_errors=0 node_cpu=45.09 total_cpu=188.40

BENCHMARK_RESULT mode=write clients=1 size=16384 rate=136500 repeat=21 sender_mps=6525.03 observed_mps=6525.03 sink_mps=0.00 sink_active_mps=0.00 sender_errors=0 sink_errors=0 node_cpu=44.89 total_cpu=187.93

BENCHMARK_RESULT mode=write clients=1 size=16384 rate=136500 repeat=22 sender_mps=6507.22 observed_mps=6507.22 sink_mps=0.00 sink_active_mps=0.00 sender_errors=0 sink_errors=0 node_cpu=45.24 total_cpu=188.05

BENCHMARK_RESULT mode=write clients=1 size=16384 rate=136500 repeat=23 sender_mps=6498.18 observed_mps=6498.18 sink_mps=0.00 sink_active_mps=0.00 sender_errors=0 sink_errors=0 node_cpu=44.34 total_cpu=186.97

BENCHMARK_RESULT mode=write clients=1 size=16384 rate=136500 repeat=24 sender_mps=6477.87 observed_mps=6477.87 sink_mps=0.00 sink_active_mps=0.00 sender_errors=0 sink_errors=0 node_cpu=44.58 total_cpu=186.74

BENCHMARK_RESULT mode=write clients=1 size=16384 rate=136500 repeat=25 sender_mps=6462.08 observed_mps=6462.08 sink_mps=0.00 sink_active_mps=0.00 sender_errors=0 sink_errors=0 node_cpu=44.50 total_cpu=186.05

CAPACITY_SWEEP_STEP mode=write clients=1 size=16384 phase=refine step=5 rate=136500 repeats=25 sender_mean_mps=6478.42 observed_mean_mps=6478.42 observed_gain_percent=0.16 node_cpu=44.57 total_cpu=186.96 total_errors=0 improved=false

BENCHMARK_RESULT mode=write clients=1 size=16384 rate=132250 repeat=1 sender_mps=6529.42 observed_mps=6529.42 sink_mps=0.00 sink_active_mps=0.00 sender_errors=0 sink_errors=0 node_cpu=44.93 total_cpu=188.00

BENCHMARK_RESULT mode=write clients=1 size=16384 rate=132250 repeat=2 sender_mps=6515.48 observed_mps=6515.48 sink_mps=0.00 sink_active_mps=0.00 sender_errors=0 sink_errors=0 node_cpu=44.65 total_cpu=187.20

BENCHMARK_RESULT mode=write clients=1 size=16384 rate=132250 repeat=3 sender_mps=6525.52 observed_mps=6525.52 sink_mps=0.00 sink_active_mps=0.00 sender_errors=0 sink_errors=0 node_cpu=44.72 total_cpu=187.47

BENCHMARK_RESULT mode=write clients=1 size=16384 rate=132250 repeat=4 sender_mps=6521.86 observed_mps=6521.86 sink_mps=0.00 sink_active_mps=0.00 sender_errors=0 sink_errors=0 node_cpu=44.71 total_cpu=187.60

BENCHMARK_RESULT mode=write clients=1 size=16384 rate=132250 repeat=5 sender_mps=6544.57 observed_mps=6544.57 sink_mps=0.00 sink_active_mps=0.00 sender_errors=0 sink_errors=0 node_cpu=45.30 total_cpu=188.74

BENCHMARK_RESULT mode=write clients=1 size=16384 rate=132250 repeat=6 sender_mps=6468.04 observed_mps=6468.04 sink_mps=0.00 sink_active_mps=0.00 sender_errors=0 sink_errors=0 node_cpu=44.36 total_cpu=186.62

BENCHMARK_RESULT mode=write clients=1 size=16384 rate=132250 repeat=7 sender_mps=6526.35 observed_mps=6526.35 sink_mps=0.00 sink_active_mps=0.00 sender_errors=0 sink_errors=0 node_cpu=45.30 total_cpu=188.19

BENCHMARK_RESULT mode=write clients=1 size=16384 rate=132250 repeat=8 sender_mps=6470.03 observed_mps=6470.03 sink_mps=0.00 sink_active_mps=0.00 sender_errors=0 sink_errors=0 node_cpu=44.54 total_cpu=186.43

BENCHMARK_RESULT mode=write clients=1 size=16384 rate=132250 repeat=9 sender_mps=6460.94 observed_mps=6460.94 sink_mps=0.00 sink_active_mps=0.00 sender_errors=0 sink_errors=0 node_cpu=44.37 total_cpu=186.51

BENCHMARK_RESULT mode=write clients=1 size=16384 rate=132250 repeat=10 sender_mps=6529.38 observed_mps=6529.38 sink_mps=0.00 sink_active_mps=0.00 sender_errors=0 sink_errors=0 node_cpu=44.93 total_cpu=188.21

BENCHMARK_RESULT mode=write clients=1 size=16384 rate=132250 repeat=11 sender_mps=6464.74 observed_mps=6464.74 sink_mps=0.00 sink_active_mps=0.00 sender_errors=0 sink_errors=0 node_cpu=44.50 total_cpu=187.21

BENCHMARK_RESULT mode=write clients=1 size=16384 rate=132250 repeat=12 sender_mps=6518.12 observed_mps=6518.12 sink_mps=0.00 sink_active_mps=0.00 sender_errors=0 sink_errors=0 node_cpu=45.04 total_cpu=188.04

BENCHMARK_RESULT mode=write clients=1 size=16384 rate=132250 repeat=13 sender_mps=6496.09 observed_mps=6496.09 sink_mps=0.00 sink_active_mps=0.00 sender_errors=0 sink_errors=0 node_cpu=44.52 total_cpu=187.80

BENCHMARK_RESULT mode=write clients=1 size=16384 rate=132250 repeat=14 sender_mps=6519.69 observed_mps=6519.69 sink_mps=0.00 sink_active_mps=0.00 sender_errors=0 sink_errors=0 node_cpu=44.69 total_cpu=187.96

BENCHMARK_RESULT mode=write clients=1 size=16384 rate=132250 repeat=15 sender_mps=6516.04 observed_mps=6516.04 sink_mps=0.00 sink_active_mps=0.00 sender_errors=0 sink_errors=0 node_cpu=44.92 total_cpu=188.55

BENCHMARK_RESULT mode=write clients=1 size=16384 rate=132250 repeat=16 sender_mps=6541.47 observed_mps=6541.47 sink_mps=0.00 sink_active_mps=0.00 sender_errors=0 sink_errors=0 node_cpu=44.89 total_cpu=188.08

BENCHMARK_RESULT mode=write clients=1 size=16384 rate=132250 repeat=17 sender_mps=6493.01 observed_mps=6493.01 sink_mps=0.00 sink_active_mps=0.00 sender_errors=0 sink_errors=0 node_cpu=44.50 total_cpu=187.48

BENCHMARK_RESULT mode=write clients=1 size=16384 rate=132250 repeat=18 sender_mps=6459.14 observed_mps=6459.14 sink_mps=0.00 sink_active_mps=0.00 sender_errors=0 sink_errors=0 node_cpu=44.54 total_cpu=186.95

BENCHMARK_RESULT mode=write clients=1 size=16384 rate=132250 repeat=19 sender_mps=6186.66 observed_mps=6186.66 sink_mps=0.00 sink_active_mps=0.00 sender_errors=0 sink_errors=0 node_cpu=42.18 total_cpu=184.74

BENCHMARK_RESULT mode=write clients=1 size=16384 rate=132250 repeat=20 sender_mps=6499.08 observed_mps=6499.08 sink_mps=0.00 sink_active_mps=0.00 sender_errors=0 sink_errors=0 node_cpu=44.71 total_cpu=187.70

BENCHMARK_RESULT mode=write clients=1 size=16384 rate=132250 repeat=21 sender_mps=6473.74 observed_mps=6473.74 sink_mps=0.00 sink_active_mps=0.00 sender_errors=0 sink_errors=0 node_cpu=44.55 total_cpu=186.32

BENCHMARK_RESULT mode=write clients=1 size=16384 rate=132250 repeat=22 sender_mps=6535.82 observed_mps=6535.82 sink_mps=0.00 sink_active_mps=0.00 sender_errors=0 sink_errors=0 node_cpu=44.72 total_cpu=188.17

BENCHMARK_RESULT mode=write clients=1 size=16384 rate=132250 repeat=23 sender_mps=6551.39 observed_mps=6551.39 sink_mps=0.00 sink_active_mps=0.00 sender_errors=0 sink_errors=0 node_cpu=45.24 total_cpu=188.36

BENCHMARK_RESULT mode=write clients=1 size=16384 rate=132250 repeat=24 sender_mps=6460.27 observed_mps=6460.27 sink_mps=0.00 sink_active_mps=0.00 sender_errors=0 sink_errors=0 node_cpu=44.74 total_cpu=186.33

BENCHMARK_RESULT mode=write clients=1 size=16384 rate=132250 repeat=25 sender_mps=6525.28 observed_mps=6525.28 sink_mps=0.00 sink_active_mps=0.00 sender_errors=0 sink_errors=0 node_cpu=44.92 total_cpu=188.52

CAPACITY_SWEEP_STEP mode=write clients=1 size=16384 phase=refine step=6 rate=132250 repeats=25 sender_mean_mps=6493.29 observed_mean_mps=6493.29 observed_gain_percent=0.39 node_cpu=44.66 total_cpu=187.49 total_errors=0 improved=false

BENCHMARK_RESULT mode=write clients=1 size=16384 rate=130125 repeat=1 sender_mps=6474.87 observed_mps=6474.87 sink_mps=0.00 sink_active_mps=0.00 sender_errors=0 sink_errors=0 node_cpu=44.36 total_cpu=186.35

BENCHMARK_RESULT mode=write clients=1 size=16384 rate=130125 repeat=2 sender_mps=6461.16 observed_mps=6461.16 sink_mps=0.00 sink_active_mps=0.00 sender_errors=0 sink_errors=0 node_cpu=44.16 total_cpu=185.95

BENCHMARK_RESULT mode=write clients=1 size=16384 rate=130125 repeat=3 sender_mps=6449.99 observed_mps=6449.99 sink_mps=0.00 sink_active_mps=0.00 sender_errors=0 sink_errors=0 node_cpu=44.56 total_cpu=186.44

BENCHMARK_RESULT mode=write clients=1 size=16384 rate=130125 repeat=4 sender_mps=6513.70 observed_mps=6513.70 sink_mps=0.00 sink_active_mps=0.00 sender_errors=0 sink_errors=0 node_cpu=44.72 total_cpu=187.77

BENCHMARK_RESULT mode=write clients=1 size=16384 rate=130125 repeat=5 sender_mps=6513.46 observed_mps=6513.46 sink_mps=0.00 sink_active_mps=0.00 sender_errors=0 sink_errors=0 node_cpu=44.33 total_cpu=187.44

BENCHMARK_RESULT mode=write clients=1 size=16384 rate=130125 repeat=6 sender_mps=6533.97 observed_mps=6533.97 sink_mps=0.00 sink_active_mps=0.00 sender_errors=0 sink_errors=0 node_cpu=44.73 total_cpu=188.16

BENCHMARK_RESULT mode=write clients=1 size=16384 rate=130125 repeat=7 sender_mps=6516.77 observed_mps=6516.77 sink_mps=0.00 sink_active_mps=0.00 sender_errors=0 sink_errors=0 node_cpu=44.92 total_cpu=187.83

BENCHMARK_RESULT mode=write clients=1 size=16384 rate=130125 repeat=8 sender_mps=6511.83 observed_mps=6511.83 sink_mps=0.00 sink_active_mps=0.00 sender_errors=0 sink_errors=0 node_cpu=44.52 total_cpu=187.65

BENCHMARK_RESULT mode=write clients=1 size=16384 rate=130125 repeat=9 sender_mps=6559.30 observed_mps=6559.30 sink_mps=0.00 sink_active_mps=0.00 sender_errors=0 sink_errors=0 node_cpu=44.91 total_cpu=188.25

BENCHMARK_RESULT mode=write clients=1 size=16384 rate=130125 repeat=10 sender_mps=6540.66 observed_mps=6540.66 sink_mps=0.00 sink_active_mps=0.00 sender_errors=0 sink_errors=0 node_cpu=44.73 total_cpu=188.15

BENCHMARK_RESULT mode=write clients=1 size=16384 rate=130125 repeat=11 sender_mps=6473.28 observed_mps=6473.28 sink_mps=0.00 sink_active_mps=0.00 sender_errors=0 sink_errors=0 node_cpu=44.38 total_cpu=186.24

BENCHMARK_RESULT mode=write clients=1 size=16384 rate=130125 repeat=12 sender_mps=6463.45 observed_mps=6463.45 sink_mps=0.00 sink_active_mps=0.00 sender_errors=0 sink_errors=0 node_cpu=44.18 total_cpu=186.53

BENCHMARK_RESULT mode=write clients=1 size=16384 rate=130125 repeat=13 sender_mps=6521.98 observed_mps=6521.98 sink_mps=0.00 sink_active_mps=0.00 sender_errors=0 sink_errors=0 node_cpu=44.92 total_cpu=188.07

BENCHMARK_RESULT mode=write clients=1 size=16384 rate=130125 repeat=14 sender_mps=6504.63 observed_mps=6504.63 sink_mps=0.00 sink_active_mps=0.00 sender_errors=0 sink_errors=0 node_cpu=44.52 total_cpu=187.67

BENCHMARK_RESULT mode=write clients=1 size=16384 rate=130125 repeat=15 sender_mps=6486.16 observed_mps=6486.16 sink_mps=0.00 sink_active_mps=0.00 sender_errors=0 sink_errors=0 node_cpu=44.55 total_cpu=186.85

BENCHMARK_RESULT mode=write clients=1 size=16384 rate=130125 repeat=16 sender_mps=6544.76 observed_mps=6544.76 sink_mps=0.00 sink_active_mps=0.00 sender_errors=0 sink_errors=0 node_cpu=44.72 total_cpu=187.99

BENCHMARK_RESULT mode=write clients=1 size=16384 rate=130125 repeat=17 sender_mps=6409.93 observed_mps=6409.93 sink_mps=0.00 sink_active_mps=0.00 sender_errors=0 sink_errors=0 node_cpu=44.21 total_cpu=185.11

BENCHMARK_RESULT mode=write clients=1 size=16384 rate=130125 repeat=18 sender_mps=6516.28 observed_mps=6516.28 sink_mps=0.00 sink_active_mps=0.00 sender_errors=0 sink_errors=0 node_cpu=45.12 total_cpu=188.62

BENCHMARK_RESULT mode=write clients=1 size=16384 rate=130125 repeat=19 sender_mps=6540.37 observed_mps=6540.37 sink_mps=0.00 sink_active_mps=0.00 sender_errors=0 sink_errors=0 node_cpu=44.73 total_cpu=188.14

BENCHMARK_RESULT mode=write clients=1 size=16384 rate=130125 repeat=20 sender_mps=6495.40 observed_mps=6495.40 sink_mps=0.00 sink_active_mps=0.00 sender_errors=0 sink_errors=0 node_cpu=44.35 total_cpu=186.58

BENCHMARK_RESULT mode=write clients=1 size=16384 rate=130125 repeat=21 sender_mps=6482.72 observed_mps=6482.72 sink_mps=0.00 sink_active_mps=0.00 sender_errors=0 sink_errors=0 node_cpu=44.53 total_cpu=187.52

BENCHMARK_RESULT mode=write clients=1 size=16384 rate=130125 repeat=22 sender_mps=6520.35 observed_mps=6520.35 sink_mps=0.00 sink_active_mps=0.00 sender_errors=0 sink_errors=0 node_cpu=45.13 total_cpu=188.09

BENCHMARK_RESULT mode=write clients=1 size=16384 rate=130125 repeat=23 sender_mps=6517.88 observed_mps=6517.88 sink_mps=0.00 sink_active_mps=0.00 sender_errors=0 sink_errors=0 node_cpu=44.70 total_cpu=188.14

BENCHMARK_RESULT mode=write clients=1 size=16384 rate=130125 repeat=24 sender_mps=6516.64 observed_mps=6516.64 sink_mps=0.00 sink_active_mps=0.00 sender_errors=0 sink_errors=0 node_cpu=44.71 total_cpu=187.81

BENCHMARK_RESULT mode=write clients=1 size=16384 rate=130125 repeat=25 sender_mps=6473.28 observed_mps=6473.28 sink_mps=0.00 sink_active_mps=0.00 sender_errors=0 sink_errors=0 node_cpu=44.37 total_cpu=186.40

CAPACITY_SWEEP_STEP mode=write clients=1 size=16384 phase=refine step=7 rate=130125 repeats=25 sender_mean_mps=6501.71 observed_mean_mps=6501.71 observed_gain_percent=0.52 node_cpu=44.60 total_cpu=187.35 total_errors=0 improved=false

CAPACITY_CASE_SUMMARY mode=write clients=1 size=16384 best_offered_rate=128000 capacity_rate_lower=128000 capacity_rate_upper=130125 best_effective_throughput_mps=6468.05 best_sender_completed_mps=6468.05 best_node_cpu=44.35 best_total_cpu=186.49 steps=7 stop_reason="refinement narrowed the estimated capacity to offered rates 128000 through 130125"

[38;5;243m------------------------------[0m
[38;5;10m• [1227.248 seconds][0m
[0mSLIM Benchmark Suite Matrix [38;5;10m[1mruns the repeated benchmark matrix and generates reports[0m [38;5;204m[benchmark-suite][0m
[38;5;243m/home/runner/work/csit/csit/benchmarks/agntcy-slim/tests/benchmark_suite_test.go:22[0m

  [38;5;243mReport Entries >>[0m
  [1mBenchmark Suite Summary[38;5;243m - /home/runner/work/csit/csit/benchmarks/agntcy-slim/tests/benchmark_suite_test.go:53 @ 07/03/26 12:54:17.724[0m
    /home/runner/work/csit/csit/benchmarks/agntcy-slim/reports/suite_summary.md
  [1mBenchmark Technical Report[38;5;243m - /home/runner/work/csit/csit/benchmarks/agntcy-slim/tests/benchmark_suite_test.go:54 @ 07/03/26 12:54:17.724[0m
    /home/runner/work/csit/csit/benchmarks/agntcy-slim/reports/technical_report.md
  [1mBenchmark Capacity Sweep Report[38;5;243m - /home/runner/work/csit/csit/benchmarks/agntcy-slim/tests/benchmark_suite_test.go:56 @ 07/03/26 12:54:17.724[0m
    /home/runner/work/csit/csit/benchmarks/agntcy-slim/reports/capacity_sweep.md
  [38;5;243m<< Report Entries[0m
[38;5;243m------------------------------[0m

[38;5;10m[1mRan 1 of 8 Specs in 1233.899 seconds[0m
[38;5;10m[1mSUCCESS![0m -- [38;5;10m[1m1 Passed[0m | [38;5;9m[1m0 Failed[0m | [38;5;11m[1m0 Pending[0m | [38;5;14m[1m7 Skipped[0m
--- PASS: TestTests (1233.90s)
PASS
ok  	github.com/agntcy/csit/benchmarks/agntcy-slim/tests	1233.905s
